index,제품명,단맛,신맛,청량감,바디감,도수%,탄산,주종,keyword,용량,가격,제조사,원재료,어울리는음식,사진URL,detailPageUrl,docId
0,1000억막걸리프리바이오,3.0,4.0,3.0,3,5,0.0,탁주,단맛 신맛 청량감 바디감     탁주 쌀 밀,750ml,3500,(주)국순당,"쌀,밀,누룩,정제수",,,,legacy_0
1,1000억유산균막걸리,3.0,5.0,5.0,3,5,0.0,탁주,단맛 신맛 청량감 바디감     탁주 쌀 밀  저도수,750ml,3200,(주)국순당,"쌀,밀,누룩,정제수",,,,legacy_1
2,1932새싹땅콩햅쌀막걸리,2.0,2.0,3.0,5,6,0.0,탁주,청량감 바디감     탁주 쌀 땅콩,900ml,15000,(주)1932포천일동막걸리,"쌀,땅콩농축액,입국,효모,고과당,정제효소제,정제수",,,,legacy_2
3,1932새싹땅콩흑미막걸리,3.0,1.0,1.0,4,6,0.0,탁주,단맛   바디감     탁주 쌀 땅콩,900ml,15000,(주)1932포천일동막걸리,"쌀,흑미,땅콩농축액,입국,효모,고과당,정제효소제,정제수",,,,legacy_3
4,33JU,3.0,,,1,18,0.0,증류주,향기 단맛        증류주 꿀 삼,200ml,23000,농업회사법인33가주식회사,"산양산삼,주정,결정과당,효소처리스테비아,에리스리톨,호박산,꿀",,,,legacy_4
5,52C,3.0,,,2,17.5,0.0,증류주,향기 단맛        증류주 쌀,500ml,10000,농업회사법인(주)청산녹수,"정제수,주정,쌀증류식소주원액,오이",,,,legacy_5
6,DMZ240km,2.0,,,3,25,0.0,기타주류,바디감     기타주류 꿀 버섯,450ml,10000,솔래원,"자연송이버섯,브랜디원액,블랙커런트,벌꿀",,,,legacy_6
7,The찾을수록시리즈,4.0,2.0,3.0,2,16,0.0,과실주,단맛  청량감      과실주 사과,360ml,9000,(주)한국애플리즈,"사과와인,정제수,정제주정외제품별농축액",,,,legacy_8
8,g12골디락스,2.0,2.0,2.0,3,12,0.0,탁주,바디감     탁주 쌀 찹쌀 밀  무감미료,500ml,12000,농업회사법인(주)청산녹수,"정제수,멥쌀,찹쌀,누룩,종국,효모,밀함유",,,,legacy_7
9,가덕 순쌀 막걸리,3.0,3.0,3.0,3,6,1.0,탁주,단맛 신맛 청량감 바디감  담백  탄산 탁주 쌀,750ml,13500,농업회사법인명세주가(주),"국내산쌀,효모,조효소재,물엿,아스파탐,정제수","미나리전, 고기 빈대떡, 오이무침, 족편 등 안주와 곁들이면 좋다.",https://dbscthumb-phinf.pstatic.net/4776_000_2/20190726180526179_0TTMYF538.jpg/fe87_420_i1.jpg?type=m4500_4500_fst_n&wm=Y,https://terms.naver.com/entry.naver?docId=5804461&cid=58637&categoryId=58653,5804461
10,가을빛 레드와인,2.0,3.0,3.0,2,14,0.0,과실주,신맛 청량감      과실주 포도,750ml,35000,예인화원,포도,"다만 탄닌감은 적은 만큼 스테이크 등의 고기류보다는 나물, 잡채 등과 같은 자극성 적은 한식요리에 추천하고 싶다.",https://dbscthumb-phinf.pstatic.net/4776_000_2/20190726160734633_X5FD1AN3U.jpg/fe87_379_i1.jpg?type=m4500_4500_fst_n&wm=Y,https://terms.naver.com/entry.naver?docId=5804502&cid=58637&categoryId=58657,5804502
11,가평 잣 막걸리,,,,,,,,,,,,,반찬으로 나오는 우리음식과 모두 잘 어울린다.,https://dbscthumb-phinf.pstatic.net/4776_000_1/20170112175112768_WMICP3MQF.jpg/fe87_008_i1.jpg?type=m4500_4500_fst_n&wm=Y,https://terms.naver.com/entry.naver?docId=3551492&cid=58637&categoryId=58651,3551492
12,가평소주,,,,,,,,,,,,,중식이나 모둠 전과 같이 기름진 음식이나 매콤한 매운탕과 잘 어울린다.,https://dbscthumb-phinf.pstatic.net/4776_000_3/20241211185030851_CO6DGXATT.png/fe87_691_i1.png?type=m4500_4500_fst&wm=N,https://terms.naver.com/entry.naver?docId=6743424&cid=58637&categoryId=58651,6743424
13,가평잣생막걸리,2.0,2.0,3.0,3,6,0.0,탁주,청량감 바디감     탁주 쌀,750ml,1450,가평우리술,"쌀,정제수,쌀입국,잣,효모,정제효소등",,,,legacy_11
14,감 보드카,,,,3,32,0.0,증류주,바디감 목넘김    증류주,375ml,14000,양촌감영농조합법인,감,붉은 빛이 도는 생선회랑 잘 어울린다.,https://dbscthumb-phinf.pstatic.net/4776_000_2/20190726174041133_1Q26K5J0V.jpg/fe87_410_i1.jpg?type=m4500_4500_fst_n&wm=Y,https://terms.naver.com/entry.naver?docId=5804452&cid=58637&categoryId=58654,5804452
15,감그린 레귤러,3.0,3.0,3.0,2,12,0.0,과실주,단맛 신맛 청량감      과실주  이색전통주,750ml,18000,청도감와인(주),감,다만 자극성 적은 소고기류가 좋다.,https://dbscthumb-phinf.pstatic.net/4776_000_1/20181013020715463_KGFK8VS9E.jpg/fe87_281_i1.jpg?type=m4500_4500_fst_n&wm=Y,https://terms.naver.com/entry.naver?docId=5681174&cid=58637&categoryId=58657,5681174
16,감그린 스페셜,3.0,3.0,3.0,3,12,0.0,과실주,단맛 신맛 청량감 바디감     과실주  이색전통주,750ml,25000,청도감와인(주),감,다만 자극성 적은 소고기류가 좋다.,https://dbscthumb-phinf.pstatic.net/4776_000_2/20181017120058261_9LP7HYZZH.jpg/fe87_282_i1.jpg?type=m4500_4500_fst_n&wm=Y,https://terms.naver.com/entry.naver?docId=5681175&cid=58637&categoryId=58657,5681175
17,감그린 아이스와인,4.0,2.0,2.0,4,10,0.0,과실주,단맛   바디감     과실주  이색전통주,375ml,89000,청도감와인(주),감,"가벼운 맛의 모짜렐라 치즈부터 카망베르, 스모키 치즈까지 다양한 조합을 이룬다.",https://dbscthumb-phinf.pstatic.net/4776_000_1/20181013022632085_JS0FG3HC4.jpg/fe87_283_i1.jpg?type=m4500_4500_fst_n&wm=Y,https://terms.naver.com/entry.naver?docId=5681179&cid=58637&categoryId=58657,5681179
18,감사,2.0,2.0,,2,14,0.0,약주/청주,목넘김 담백   약주/청주 쌀  선물,375ml,15000,술샘,"쌀,누룩,정제수",전골류와 잘 어울린다.,https://dbscthumb-phinf.pstatic.net/4776_000_1/20170224110222108_1TLD4VYWD.jpg/fe87_080_i1.jpg?type=m4500_4500_fst_n&wm=Y,https://terms.naver.com/entry.naver?docId=3551564&cid=58637&categoryId=58651,3551564
19,감아락 25도,,,,,,,,,,,,,견과류와 잘 어울린다.,https://dbscthumb-phinf.pstatic.net/4776_000_1/20170522171007302_ZLYF3FJW5.jpg/fe87_168_i1.jpg?type=m4500_4500_fst_n&wm=Y,https://terms.naver.com/entry.naver?docId=3595273&cid=58637&categoryId=58651,3595273
20,감아락25,2.0,,,2,25,0.0,증류주,증류주 쌀  가을,500ml,26000,(주)배상면주가,"감증류원액,쌀",,,,legacy_17
21,감악산 머루주,4.0,4.0,3.0,3,12,0.0,과실주,단맛 신맛 청량감 바디감     과실주 머루,360ml,28000,산머루농원영농조합법인,"국내산산머루원액,주정","와인을 잘 못 마신다면, 추천하고 싶은 과실주이기도 하다.",https://dbscthumb-phinf.pstatic.net/4776_000_2/20200824185213299_9BJJMDYTE.jpg/fe87_475_i1.jpg?type=m4500_4500_fst_n&wm=Y,https://terms.naver.com/entry.naver?docId=6040721&cid=58637&categoryId=58651,6040721
22,감이슬,,,,2,23,0.0,증류주,증류주  과일류,375ml,10000,양촌감영농조합법인,감,감이슬은 도수가 낮고 부드러워 누구나 편하게 마실 수 있는 증류주로 양념이 되지 않은 생선찜 등과 잘 어울린다.,https://dbscthumb-phinf.pstatic.net/4776_000_2/20190726174400158_LY0V6QH61.jpg/fe87_411_i1.jpg?type=m4500_4500_fst_n&wm=Y,https://terms.naver.com/entry.naver?docId=5804451&cid=58637&categoryId=58654,5804451
23,감자술 13%,3.0,2.0,3.0,2,13,0.0,약주/청주,단맛  청량감      약주/청주 감자  선물,700ml,14000,오대서주양조,"백미,감자,누룩,효모,정제수",기름진 감자전하고 즐기면 딱 좋은 맛이다.,https://dbscthumb-phinf.pstatic.net/4776_000_2/20190726173312428_9KUFPAV7J.jpg/fe87_407_i1.jpg?type=m4500_4500_fst_n&wm=Y,https://terms.naver.com/entry.naver?docId=5804435&cid=58637&categoryId=58652,5804435
24,감홍로,,,,,,,,,,,,,,https://dbscthumb-phinf.pstatic.net/5628_000_1/20181126160156467_Y85T2CVBV.jpg/fe115_12_i1.jpg?type=m4500_4500_fst_n&wm=Y,https://terms.naver.com/entry.naver?docId=5687178&cid=58637&categoryId=58651,5687178
25,감홍로백자,3.0,,,4,40,0.0,증류주,향기 단맛   바디감     증류주 쌀 약재,700ml,75000,농업회사법인(주)감홍로,"쌀,조,가지약재",,,,legacy_21
26,감홍로청자,3.0,,,4,40,0.0,증류주,향기 단맛   바디감     증류주 쌀 약재,700ml,90000,농업회사법인(주)감홍로,"쌀,조,가지약재",,,,legacy_22
27,강소주,,,,3,50,0.0,증류주,향기    바디감     증류주 쌀  소용량,"1,800ml",11000,내국양조,"국내산쌀,정제수",,,,legacy_23
28,강쇠,2.0,2.0,1.0,4,13,0.0,약주/청주,바디감     약주/청주 쌀 오가피,370ml,2500,농업회사법인(유)술소리,"쌀,누룩,오가피",,,,legacy_24
29,걍즐겨,3.0,4.0,3.0,3,8,0.0,탁주,단맛 신맛 청량감 바디감     탁주 쌀 찹쌀  이색전통주,600ml,6000,디오케이브루어리,"찹쌀,멥살,누룩,석류,히비스커스,정제수",,,,legacy_25
30,겨울소주25,,,,4,25,0.0,증류주,향기    바디감 목넘김    증류주  겨울,360ml,10000,두이술공방,"증류원액,효모,효소,정제수",,,,legacy_26
31,경기전,2.0,3.0,4.0,2,5,0.0,기타주류,신맛 청량감      기타주류 보리  탄산,1000ml,27000,농업회사법인동문거리양조장(주)(전주술로시티),"보리,맥아,호프펠렛,효모,정제효소제,정제수",,,,legacy_27
32,계룡백일주12년,3.0,,,4,40,0.0,기타주류,향기 단맛   바디감     기타주류 쌀 찹쌀 오미자 꽃 솔잎,600ml,150000,계룡백일주,"찹쌀,백미,누룩,재리종국화꽃,오미자,진달래,재래종솔잎",,,,legacy_28
33,계룡백일주16,1.0,1.0,1.0,1,16,0.0,약주/청주,약주/청주 쌀 찹쌀 오미자 꽃 솔잎,700ml,18500,계룡백일주,"찹쌀,백미,누룩,재리종국화꽃,오미자,진달래,재래종솔잎",,,,legacy_29
34,계룡백일주30,2.0,,,3,30,0.0,기타주류,바디감     기타주류 쌀 찹쌀 오미자 꽃 솔잎,400ml,20000,계룡백일주,"찹쌀,백미,누룩,재리종국화꽃,오미자,진달래,재래종솔잎",,,,legacy_30
35,계룡백일주40,3.0,,,3,40,0.0,기타주류,향기 단맛   바디감     기타주류 쌀 찹쌀 오미자 꽃 솔잎,600ml,40000,계룡백일주,"찹쌀,백미,누룩,재리종국화꽃,오미자,진달래,재래종솔잎",,,,legacy_31
36,계룡산산삼주금수강산21,,,,2,21,0.0,증류주,증류주 삼  삼(蔘)류,740ml,110000,농업회사법인한국산삼(주),"산양산삼,정제주,주정",,,,legacy_32
37,계룡산산삼주금수강산40,,,,3,40,0.0,증류주,향기    바디감 목넘김    증류주 삼  삼(蔘)류,740ml,150000,농업회사법인한국산삼(주),"산양산삼,정제주,주정",,,,legacy_33
38,고구마아락,2.0,,,3,40,0.0,증류주,향기    바디감     증류주 보리 고구마,500ml,25000,농업회사법인배상면주가고창LB,"보리,고구마,정제수",,,,legacy_34
39,고도리레드와인스위트,3.0,3.0,2.0,3,12,0.0,과실주,단맛 신맛  바디감     과실주 포도 머루,750ml,22000,고도리와이너리,MBA머루포도,,,,legacy_35
40,고도리복숭아와인,4.0,3.0,3.0,2,6.5,0.0,과실주,단맛 신맛 청량감    탄닌감  과실주 복숭아  이색전통주,750ml,32000,고도리와이너리,복숭아,,,,legacy_36
41,고도리화이트와인드라이,2.0,3.0,3.0,2,10.5,0.0,과실주,신맛 청량감      과실주 포도  저도수,750ml,22000,고도리와이너리,거봉포도,,,,legacy_37
42,고도리화이트와인스위트,4.0,3.0,3.0,2,10.5,0.0,과실주,단맛 신맛 청량감      과실주 포도  저도수,750ml,22000,고도리와이너리,거봉포도,,,,legacy_38
43,고소리술,2.0,0.0,3.0,3,40,0.0,증류주,청량감 바디감     증류주 쌀  선물,375ml,25000,제주샘영농조합법인,"쌀,차조,입국,누룩,효모,효소,정제수,스테비올배당체",,,,legacy_39
44,고운달백자,,,,5,52,0.0,증류주,향기    바디감 목넘김    증류주 오미자  선물,200ml,"180,000",농업회사법인(주)제이엘,오미자,,,,legacy_40
45,고운달오크,,,,5,52,0.0,증류주,향기    바디감 목넘김    증류주 오미자  선물,200ml,"180,000",농업회사법인(주)제이엘,오미자,,,,legacy_41
46,고창선운산땡큐복분자주,3.0,1.0,3.0,2,13,0.0,과실주,단맛  청량감      과실주 복분자  소용량,300ml,2500,농업회사법인고창선운산(유),"복분자과실,주정,효모,구연산,정제수",,,,legacy_42
47,고창선운산땡큐블루베리주,2.0,2.0,2.0,2,13,0.0,과실주,과실주 베리  소용량,300ml,2000,농업회사법인고창선운산(유),"블루베리과실,주정,효모,구연산,정제수",,,,legacy_43
48,고창선운산복분자주특1호,3.0,1.0,3.0,2,15,0.0,과실주,단맛  청량감      과실주 복분자,"1,800ml",27000,농업회사법인고창선운산(유),"복분자과실,주정,효모,구연산,정제수",,,,legacy_44
49,공주애오디와인,3.0,2.0,3.0,1,15,0.0,과실주,단맛  청량감      과실주 오디,375ml,6000,농업회사법인사곡양조원,"국내산오디,정제수,주정,과당,효모",,,,legacy_45
50,구기홍주14,3.0,1.0,2.0,3,14,0.0,약주/청주,단맛   바디감  담백   약주/청주 쌀 구기자  선물,360ml,10000,두이술공방,"쌀,국,구기자추출액,올리고당,효모,효소,아세설팜칼륨,정제수",,,,legacy_46
51,구름을벗삼아,3.0,3.0,3.0,3,6,1.0,탁주,단맛 신맛 청량감 바디감    탄산 탁주 쌀 찹쌀  무감미료,750ml,1500,문경주조,"정제수,찹쌀·백미,입국등",,,,legacy_47
52,귀감,,,,3,25,0.0,증류주,향기    바디감     증류주 귤  과일류,350ml,25000,농업회사법인(주)시트러스,"감귤과즙,백설탕,액상효모,스테비올배당체,무수아황산",,,,legacy_48
53,그랑꼬또M56,2.0,3.0,1.0,3,12,0.0,과실주,신맛  바디감     과실주 포도  홈술,750ml,21000,그린영농조합법인,포도,,,,legacy_50
54,그랑꼬또M5610,4.0,3.0,3.0,2,10,0.0,과실주,단맛 신맛 청량감      과실주 포도,750ml,56000,그린영농조합법인,포도,,,,legacy_51
55,그랑꼬또레드와인,3.0,3.0,3.0,2,12,0.0,과실주,단맛 신맛 청량감      과실주 포도,750ml,35000,그린영농조합법인,포도,,,,legacy_49
56,그랑꼬또로제와인,2.0,3.0,1.0,3,12,0.0,과실주,신맛  바디감     과실주 포도  홈술,750ml,21000,그린영농조합법인,포도,,,,legacy_52
57,그랑꼬또청수,2.0,1.0,3.0,4,12,0.0,과실주,청량감 바디감     과실주 포도  파티,750ml,60000,그린영농조합법인,포도,,,,legacy_53
58,그랑꼬또화이트와인,3.0,3.0,3.0,2,12,0.0,과실주,단맛 신맛 청량감      과실주 포도,750ml,40000,그린영농조합법인,포도,,,,legacy_54
59,그랑티그르CE2002,3.0,2.0,2.0,3,12,0.0,과실주,단맛   바디감     과실주 포도,750ml,40000,월류원(오드린),포도,,,,legacy_55
60,그랑티그르M1988,3.0,3.0,2.0,3,12,0.0,과실주,단맛 신맛  바디감     과실주 포도 오미자,750ml,40000,월류원(오드린),"포도,오미자",,,,legacy_56
61,그랑티그르S1974,1.0,3.0,2.0,4,12,0.0,과실주,신맛  바디감     과실주 포도,750ml,40000,월류원,포도,,,,legacy_57
62,금산인삼주,1.0,4.0,2.0,4,12.5,0.0,약주/청주,신맛  바디감     약주/청주 쌀 삼,375ml,4000,농업회사법인(주)금산인삼주,"쌀,인삼,누룩,정제수등",,,,legacy_58
63,금산인삼주수삼단본23,1.0,,,3,23,0.0,증류주,향기    바디감     증류주 쌀 삼,720ml,32000,농업회사법인(주)금산인삼주,"쌀,인삼,누룩,정제수등",,,,legacy_59
64,금산인삼주수삼단본43,1.0,,,4,43,0.0,증류주,향기    바디감     증류주 쌀 삼  삼(蔘)류,720ml,42000,농업회사법인(주)금산인삼주,"쌀,인삼,누룩,정제수등",,,,legacy_60
65,금이산농원복숭아와인,3.0,2.0,2.0,3,12,0.0,과실주,단맛   바디감   탄닌감  과실주 복숭아,500ml,20000,영농조합법인금이산농원,"복숭아,백설탕,효모,메타중아황산칼륨",,,,legacy_61
66,금이산농원사과와인,3.0,2.0,2.0,3,12,0.0,과실주,단맛   바디감     과실주 사과,500ml,20000,영농조합법인금이산농원,"사과,백설탕,효모,메타중아황산칼륨",,,,legacy_62
67,금이산농원오가피와인,3.0,2.0,2.0,3,12,0.0,과실주,단맛   바디감     과실주 오가피  이색전통주,500ml,20000,영농조합법인금이산농원,"오가피열매,백설탕,효모,메타중아황산칼륨",,,,legacy_63
68,금정산성막걸리,1.0,3.0,2.0,3,8,0.0,탁주,신맛  바디감     탁주 밀  홈술,750ml,1900,(유)금정산성토산주,"백미,밀누룩,정제수,아스파탐",,,,legacy_64
69,기다림16,2.0,4.0,2.0,3,9,0.0,탁주,신맛  바디감     탁주 쌀 찹쌀  무감미료,750ml,11000,농업회사법인(주)제이케이크래프트,"찹쌀,흑미,곡자,정제수",,,,legacy_65
70,기다림25,2.0,4.0,2.0,2,8,0.0,탁주,신맛       탁주 쌀 찹쌀  무감미료,750ml,9900,농업회사법인(주)제이케이크래프트,"백미,찹쌀,곡자,정제수",,,,legacy_66
71,기다림34,3.0,3.0,3.0,3,12,0.0,탁주,단맛 신맛 청량감 바디감     탁주 쌀 찹쌀  무감미료,500ml,15000,농업회사법인(주)제이케이크래프트,"멥쌀,찹쌀,곡자,정제수",,,,legacy_67
72,기다림맑은술,4.0,3.0,3.0,3,15,0.0,약주/청주,단맛 신맛 청량감 바디감     약주/청주 쌀 찹쌀  홈술,500ml,25000,농업회사법인(주)제이케이크래프트,"멥쌀,찹쌀,곡자,정제수",,,,legacy_68
73,김천과하주16,1.0,2.0,1.0,2,16,0.0,약주/청주,약주/청주 쌀 찹쌀,700ml,20000,김천과하주,"찹쌀,누룩,샘물,황국잎",,,,legacy_69
74,김천과하주23,1.0,,,2,23,0.0,기타주류,기타주류 쌀  고문헌,700ml,22000,김천과하주,"멥쌀,누룩,샘물,황국잎",,,,legacy_70
75,김포막걸리,2.0,2.0,3.0,1,6,0.0,탁주,청량감      탁주 쌀,750ml,1200,김포양조,"쌀,누룩,정제수",,,,legacy_71
76,김포별주,3.0,1.0,1.0,3,13,0.0,약주/청주,단맛   바디감     약주/청주 쌀,500ml,4000,김포양조,"쌀,옥수수전분,국,효모,젖산,효소제,정제수",,,,legacy_72
77,김포약주,1.0,2.0,1.0,2,11,0.0,약주/청주,약주/청주 밀  저도수,750ml,10000,김포양조,"옥수수전분,밀,국,효모,젖산,효소제,정제수",,,,legacy_73
78,김포예주,2.0,1.0,1.0,4,13,0.0,약주/청주,바디감     약주/청주 쌀,750ml,15000,김포양조,"국내산쌀,국,효모,젖산,정제수",,,,legacy_74
79,김포특주,4.0,4.0,2.0,2,15,0.0,약주/청주,단맛 신맛    담백   약주/청주 쌀,375ml,3000,김포금쌀탁주영농조합법인,"국내산쌀,효모,정제효소,정제수,프락토올리고당",,,,legacy_75
80,까메오막걸리,3.0,1.0,2.0,4,6,0.0,탁주,단맛   바디감     탁주 쌀  혼술,550ml,5000,낙천,"정제수,쌀,효모,누룩,과당등",,,,legacy_76
81,나루생막걸리11.5,4.0,1.0,1.0,5,11.5,0.0,탁주,단맛   바디감     탁주 쌀  파티,500ml,11000,한강주조,"쌀,국,효모,정제수",,,,legacy_77
82,나루생막걸리6,3.0,3.0,2.0,2,6,0.0,탁주,단맛 신맛       탁주 쌀  파티,935ml,7000,한강주조,"쌀,국,효모,정제수",,,,legacy_78
83,남산애레드와인,3.0,3.0,3.0,2,14,0.0,과실주,단맛 신맛 청량감      과실주 포도,750ml,45000,예인화원,포도,,,,legacy_79
84,남산애포트와인,3.0,3.0,2.0,3,18.5,0.0,과실주,단맛 신맛  바디감     과실주 포도,750ml,55000,예인화원,포도,,,,legacy_80
85,내장산복분자주,1.0,3.0,,2,16,0.0,과실주,신맛   목넘김    과실주 복분자,360ml,6000,내장산복분자영농조합,"복분자,주정,정제수,설탕등",,,,legacy_81
86,녹고의눈물,2.0,,,3,16,0.0,기타주류,바디감     기타주류 오가피,500ml,23000,농업회사법인(주)토향,섬오가피,,,,legacy_82
87,녹천소곡화주,2.0,,,3,41,0.0,기타주류,향기    바디감     기타주류 쌀 찹쌀,500ml,22000,녹천주조장,"찹쌀,누룩,백미,정제수",,,,legacy_83
88,녹천한산소곡주살균,4.0,1.0,1.0,2,16,0.0,약주/청주,단맛        약주/청주 쌀 찹쌀,750ml,12000,녹천주조장,"찹쌀,누룩,백미,정제수",,,,legacy_84
89,녹천한산소곡주생,4.0,1.0,1.0,2,16,0.0,약주/청주,단맛        약주/청주 쌀 찹쌀,750ml,12000,녹천주조장,"찹쌀,누룩,백미,정제수",,,,legacy_85
90,녹파주,3.0,2.0,2.0,3,15,0.0,약주/청주,단맛   바디감  담백   약주/청주 쌀 찹쌀  선물,375ml,35000,농업회사법인(주)솔송주,"국내산찹쌀,멥쌀,누룩,정제수",,,,legacy_86
91,뉴트로,4.0,4.0,4.0,3,8,0.0,탁주,단맛 신맛 청량감 바디감     탁주 쌀 찹쌀,600ml,6000,디오케이브루어리,"찹쌀,멥살,누룩,레몬,라임,잉글리쉬블랙퍼스트,정제수",,,,legacy_87
92,느린마을막걸리,3.0,1.0,3.0,2,6,0.0,탁주,단맛  청량감      탁주 쌀  무감미료,750ml,2300,배상면주가,"쌀,국,효모,정제수",,,,legacy_88
93,능이주,1.0,3.0,1.0,2,13,0.0,약주/청주,신맛    담백   약주/청주 쌀  홈술,375ml,12000,내국양조,"국내산쌀,능이농충액,누룩,정제수",,,,legacy_89
94,니모메,2.0,1.0,1.0,2,11,0.0,약주/청주,담백   약주/청주 쌀 귤  파티,375ml,12000,제주샘영농조합법인,"쌀,감귤진피,정제수",,,,legacy_90
95,다래와인3004,2.0,2.0,1.0,2,8,0.0,과실주,과실주 다래  저도수,375ml,10000,영농조합법인오름주가,참다래,,,,legacy_91
96,다래와인7004D,1.0,4.0,2.0,2,12,0.0,과실주,신맛       과실주 다래,750ml,28000,영농조합법인오름주가,참다래,,,,legacy_92
97,다래와인7004S,2.0,2.0,1.0,4,8,0.0,과실주,바디감     과실주 다래  저도수,750ml,18000,영농조합법인오름주가,참다래,,,,legacy_93
98,다랭이팜생막걸리,1.0,4.0,4.0,4,6,0.0,탁주,신맛 청량감 바디감     탁주 쌀  무감미료,750ml,4000,다랭이팜,"쌀,분도유기농현미,누룩,효모등",,,,legacy_94
99,다랭이팜생막걸리흑미,1.0,5.0,2.0,2,6,0.0,탁주,신맛       탁주,750ml,4000,다랭이팜,"남해산유기농현미,누룩,효모등",,,,legacy_95
100,다랭이팜유자막걸리,1.0,5.0,2.0,4,6,0.0,탁주,신맛  바디감     탁주,750ml,4000,다랭이팜,"남해산유기농유자원액,누룩,효모등",,,,legacy_96
101,담솔,3.0,0.0,3.0,3,40,0.0,기타주류,단맛  청량감 바디감     기타주류 쌀,500ml,22000,명가원영농조합법인,"정제수,국내산쌀,국내산송순농축액,누룩,조제종국,효모",,,,legacy_97
102,담양죽력고,,,,3,25,0.0,증류주,향기    바디감 목넘김    증류주 쌀 생강 계피  고문헌,350ml,13000,추성고을,"정제수,쌀,누룩,죽력,계피,석창포,생강,효모",,,,legacy_98
103,담은,3.0,1.0,1.0,4,6,0.0,탁주,단맛   바디감     탁주 쌀  선물,750ml,15000,(주)1932포천일동막걸리,"쌀,입국,효모,고과당,정제효소제,정제수",,,,legacy_99
104,당당하리,4.0,2.0,2.0,2,15,0.0,과실주,단맛        과실주 쌀 복분자 사과 밀 감초  베리류,375ml,15333,농업회사법인(주)세찬제조사,"쌀,홍마늘,감초,개량누룩,효모,정제효소제,정제수,복분자,설탕,올리고당,DL-사과산,구연산,무수아황산,이산화항,밀함유",,,,legacy_100
105,대관령복분자주,1.0,2.0,1.0,4,16,0.0,과실주,바디감     과실주 복분자,400ml,13000,농업회사법인(주)홍지원,국내산복분자,,,,legacy_101
106,대대포생막걸리,2.0,1.0,3.0,2,6,0.0,탁주,청량감      탁주 꿀  선물,750ml,3500,농업회사법인(주)죽향도가,"백미,벌꿀,정제수",,,,legacy_102
107,대윤가야곡왕주,2.0,2.0,1.0,3,13,0.0,약주/청주,바디감     약주/청주 쌀  홈술,300ml,4000,농업회사법인대윤가야곡주조(주),"쌀,누룩,효모,물엿,정제수",,,,legacy_103
108,대잎생동동주,1.0,2.0,3.0,2,6,0.0,탁주,청량감      탁주 쌀,1700ml,2500,농업회사법인(주)죽향도가,"쌀,좁쌀,정제효소,젖산,효모,아스파탐,영지,생각,정제수",,,,legacy_104
109,대작생막걸리,4.0,3.0,3.0,3,6,0.0,탁주,단맛 신맛 청량감 바디감     탁주 쌀,750ml,2000,대작영농조합법인,"쌀,조제종국효모,정제효소,올리고당,스테비텐후레쉬,정제수",,,,legacy_105
110,대통대잎술,1.0,1.0,,2,15,0.0,약주/청주,목넘김    약주/청주 쌀 구기자 솔잎  파티,700ml,16000,추성고을,"쌀,누룩,갈근,구기자,솔잎,진피등",,,,legacy_106
111,도구막걸리,2.0,2.0,3.0,3,6,0.0,탁주,청량감 바디감     탁주 쌀 밀,750ml,1666,동해명주,"밀,쌀,물엿,효모,조제종국,정제효소제,아스파탐,젖산",,,,legacy_107
112,도깨비술11,4.0,4.0,3.0,5,11,0.0,탁주,단맛 신맛 청량감 바디감     탁주 쌀  파티,750ml,12000,농업회사법인(주)도깨비양조장,"멥쌀,누룩,효모,정제수",,,,legacy_108
113,도깨비술7,3.0,3.0,4.0,3,7,0.0,탁주,단맛 신맛 청량감 바디감     탁주 쌀  파티,750ml,8000,농업회사법인(주)도깨비양조장,"멥쌀,누룩,효모,정제수",,,,legacy_109
114,도깨비술9,3.0,3.0,3.0,4,9,0.0,탁주,단맛 신맛 청량감 바디감     탁주 쌀  파티,750ml,10000,농업회사법인(주)도깨비양조장,"멥쌀,누룩,효모,정제수",,,,legacy_110
115,도로시머루주,4.0,4.0,3.0,3,12,0.0,과실주,단맛 신맛 청량감 바디감     과실주 머루  선물,500ml,25000,산머루농원영농조합법인,"국내산산머루원액,주정",,,,legacy_111
116,도문대작생막걸리,1.0,3.0,3.0,2,10,0.0,탁주,신맛 청량감      탁주 쌀,750ml,3000,방풍도가,"강릉쌀,누룩,갯방풍나물,정제수",,,,legacy_112
117,독산53,,,,3,53,0.0,증류주,바디감 목넘김    증류주 쌀  소용량,250ml,25000,농업회사법인오산양조(주),"쌀,국,효모,정제수",,,,legacy_113
118,동강더덕주,3.0,,,2,20,0.0,기타주류,향기 단맛        기타주류 구기자 감초,360ml,3500,영월더덕영농조합법인,"더덕,대추구기자,감초,원지",,,,legacy_114
119,동몽,2.0,3.0,1.0,3,17,0.0,약주/청주,신맛  바디감  담백   약주/청주 쌀  명절,500ml,30000,예술,"홍천쌀,정제수,단호박,국",,,,legacy_115
120,동정춘,4.0,3.0,2.0,3,8,0.0,탁주,단맛 신맛  바디감     탁주 쌀  고문헌,500ml,18000,농업회사법인(주)산수,"쌀,누국,정제수",,,,legacy_116
121,동정춘막걸리산정호수,5.0,1.0,4.0,4,6,0.0,탁주,단맛  청량감 바디감     탁주 쌀  선물,720ml,20000,(주)농업회사법인술빚는전가네,"국내산쌀,누룩,정제수",,,,legacy_117
122,동학1957,3.0,3.0,2.0,3,13,0.0,약주/청주,단맛 신맛  바디감  담백   약주/청주 쌀  선물,375ml,3500,고헌정영농조합법인,"쌀,구연산,효모,젖산,정제효소제,국,주정,정제수",,,,legacy_118
123,동해동동주,2.0,1.0,3.0,2,6,0.0,탁주,청량감      탁주 쌀  무감미료,750ml,1666,동해명주,"쌀,물엿,효모,조제종국,정제효소제,아스파탐,젖산",,,,legacy_119
124,두레앙22,,,,4,22,0.0,증류주,바디감     증류주 포도  과일류,375ml,5000,농업회사법인(주)두레양조,거봉포도원액,,,,legacy_120
125,두레앙브랜디,3.0,,,3,35,0.0,증류주,향기 단맛   바디감     증류주 포도,750ml,70000,농업회사법인(주)두레양조,거봉포도원액,,,,legacy_121
126,두레앙와인,2.0,2.0,1.0,4,12,0.0,과실주,바디감     과실주 포도  가성비,750ml,15000,농업회사법인(주)두레양조,거봉포도원액,,,,legacy_122
127,두레앙증류주,2.0,,,2,35,0.0,증류주,증류주 포도  과일류,750ml,35000,농업회사법인(주)두레양조,거봉포도원액,,,,legacy_123
128,두리향,,,,4,43,0.0,증류주,향기    바디감 목넘김    증류주 쌀 찹쌀  고문헌,500ml,36000,케이소주(전주가양주연구소),"국내산찹쌀,누룩,정제수",,,,legacy_124
129,두유노,2.0,3.0,3.0,3,6,0.0,탁주,신맛 청량감 바디감     탁주 쌀 찹쌀 밀,600ml,6000,디오케이브루어리,"찹쌀,멥살,누룩,밀가루",,,,legacy_125
130,라이스퐁당13,3.0,2.0,1.0,3,13,0.0,약주/청주,단맛   바디감     약주/청주 쌀 찹쌀  홈술,500ml,15000,농업회사법인(주)벗드림,"찹쌀,누룩,정제수",,,,legacy_126
131,라이스퐁당17,3.0,3.0,1.0,4,17,0.0,약주/청주,단맛 신맛  바디감     약주/청주 쌀 찹쌀,500ml,18000,농업회사법인(주)벗드림,"찹쌀,누룩,정제수",,,,legacy_127
132,레돔내추럴스파클링로제와인,3.0,3.0,4.0,2,7.5,0.0,과실주,단맛 신맛 청량감      과실주 포도  파티,750ml,38000,농업회사법인작은알자스,포도,,,,legacy_128
133,레돔시드르,3.0,3.0,4.0,2,6,0.0,과실주,단맛 신맛 청량감      과실주 사과  파티,750ml,32000,농업회사법인작은알자스,사과,,,,legacy_129
134,려25,1.0,,,1,25,0.0,증류주,향기         증류주 쌀 고구마  선물,375ml,30000,(농)국순당여주명주(주),"고구마,쌀",,,,legacy_130
135,려고구마증류소주25,1.0,,,3,25,0.0,증류주,바디감     증류주 고구마,500ml,35000,(농)국순당여주명주(주),고구마,,,,legacy_131
136,려고구마증류소주40,2.0,,,3,40,0.0,증류주,바디감     증류주 고구마,500ml,35000,(농)국순당여주명주(주),고구마,,,,legacy_132
137,로얄안동소주18년,3.0,,,4,45,0.0,증류주,단맛   바디감     증류주 쌀,600ml,72000,농업회사법인유토피아(주),"국내산쌀,입국",,,,legacy_133
138,르깔롱,,,,4,16,0.0,기타주류,향기    바디감 목넘김    기타주류  과일류,500ml,35000,추성고을,"정제수,주정,고과당,죽력,메론후레바,레이지라임,코코넛향,윌튼스카이아이싱칼라",,,,legacy_134
139,마셔블랑,3.0,3.0,3.0,2,12,0.0,증류주,단맛 신맛 청량감      증류주 귤,750ml,20000,농업회사법인(주)시트러스,"감귤과즙,백설탕,액상효모,무수아황산",,,,legacy_135
140,마주소곡주,4.0,3.0,2.0,4,16,0.0,약주/청주,단맛 신맛  바디감  담백   약주/청주 쌀 찹쌀 밀  선물,500ml,17000,옥순가소곡주마주,"찹쌀,백미,모싯잎,우리밀누룩,정제수,효모",,,,legacy_136
141,마주소곡화주,,,,4,41,0.0,증류주,향기    바디감 목넘김    증류주 쌀 찹쌀 밀  선물,500ml,25000,옥순가소곡주마주,"찹쌀,백미,모싯잎,우리밀누룩,정제수,홍고추",,,,legacy_137
142,막시모40,,,,3,40,0.0,증류주,향기    바디감 목넘김    증류주 오미자  베리류,500ml,49000,농업회사법인(주)착한농부,"오미자증류원액,오미자원액,정제수",,,,legacy_138
143,만강에비친달,2.0,3.0,3.0,3,10,0.0,탁주,신맛 청량감 바디감  담백   탁주 쌀  선물,500ml,12000,예술,"홍천쌀,정제수,단호박,곡자",,,,legacy_139
144,맑은내일Winery단감명작,3.0,2.0,3.0,2,7,0.0,과실주,단맛  청량감    탄닌감  과실주  과일류,750ml,20000,농업회사법인우포의아침주식회사,"단감,정제수,설탕,효소제,무수구연산,효모,무수아황산,소브산",,,,legacy_140
145,맑은내일발효막걸리,3.0,3.0,3.0,4,7,0.0,탁주,단맛 신맛 청량감 바디감     탁주 쌀  탄산,750ml,"2,200",농업회사법인우포의아침(주),"쌀,누룩,효소,아스파탐,정제수",,,,legacy_141
146,맑은내일우포,3.0,2.0,2.0,2,12,0.0,약주/청주,단맛     담백   약주/청주 쌀  홈술,325ml,"5,000",농업회사법인우포의아침(주),"쌀,옥수수전분,효모,누룩,양파,정제수",,,,legacy_142
147,맑은문희주,3.0,1.0,1.0,4,13,0.0,약주/청주,단맛   바디감     약주/청주 쌀 찹쌀  파티,750ml,36000,문경주조,"유기농찹쌀,멥쌀,전통누룩,정제수",,,,legacy_143
148,맑은술해밀,3.0,2.0,2.0,2,15,0.0,약주/청주,단맛        약주/청주 쌀,500ml,25000,내변산양조장,"쌀,누룩,정제수",,,,legacy_144
149,매실막걸리,3.0,2.0,1.0,5,7,0.0,탁주,단맛   바디감     탁주 쌀,750ml,3500,농업회사법인(주)백운주가,"쌀,매실과즙",,,,legacy_145
150,매실원주15,3.0,,,3,15,0.0,기타주류,단맛   바디감     기타주류 꿀,300ml,6000,더한주류,"매실주원액,발효주정,정제수,꿀",,,,legacy_146
151,매실향기담은술,3.0,3.0,3.0,3,14,0.0,약주/청주,단맛 신맛 청량감 바디감  담백   약주/청주 쌀,500ml,6000,농업회사법인명세주가(주),"국내산쌀,효모,조효소재,물엿,아스파탐,정제수",,,,legacy_147
152,머루이야기,3.0,1.0,1.0,4,12,0.0,과실주,단맛   바디감     과실주 머루  소용량,375ml,6000,농업회사법인산들벗(주),국내산산머루,,,,legacy_148
153,머르드서드라이,2.0,4.0,3.0,4,13.5,0.0,과실주,신맛 청량감 바디감     과실주 머루,750ml,35000,산머루농원영농조합법인,국내산산머루,,,,legacy_149
154,머르드서스위트,4.0,3.0,3.0,4,12,0.0,과실주,단맛 신맛 청량감 바디감     과실주 머루,750ml,30000,산머루농원영농조합법인,국내산산머루,,,,legacy_150
155,메로니아,4.0,1.0,5.0,4,4,0.0,기타주류,단맛  청량감 바디감     기타주류 쌀  과일류,750ml,2000,배혜정도가,"쌀,국,효모,젖산,멜론향,물엿등",,,,legacy_151
156,메밀로,,,,4,45,0.0,증류주,향기    바디감 목넘김    증류주 쌀 밀  선물,500ml,150000,농업회사법인두루(주),"국내산쌀,메밀,누룩,정제수",,,,legacy_152
157,면천두견주,3.0,1.0,1.0,3,18,0.0,약주/청주,단맛   바디감     약주/청주 쌀 찹쌀 꽃  선물,360ml,"30,000",(주)면천두견주,"국내산찹쌀,누룩,진달래꽃",,,,legacy_153
158,명가원복분자술,3.0,1.0,,3,16,0.0,과실주,단맛   바디감     과실주 복분자,750ml,20000,명가원영농조합법인,"복분자,주정,정제수,구연산,호박산,정제식염,액상과당,효모,설탕",,,,legacy_154
159,명술,2.0,,,3,20,0.0,기타주류,바디감     기타주류 삼,375ml,30000,대농바이오우리산삼,"산양산삼,정제주,주정",,,,legacy_155
160,명인안동소주22,1.0,,,2,22,0.0,증류주,증류주 쌀,360ml,4500,명인안동소주,"쌀,누룩,정제수",,,,legacy_156
161,명인안동소주양반탈,1.0,,,3,45,0.0,증류주,바디감     증류주 쌀  선물,800ml,35000,명인안동소주,"쌀,누룩,정제수",,,,legacy_157
162,명인안동소주호리병,1.0,,,3,45,0.0,증류주,바디감     증류주 쌀  선물,800ml,30000,명인안동소주,"쌀,누룩,정제수",,,,legacy_158
163,명인홍삼주,1.0,3.0,2.0,4,12.5,0.0,약주/청주,신맛  바디감     약주/청주 쌀 삼  선물,375ml,4000,농업회사법인(주)금산인삼주,"쌀,홍삼,누룩,정제수등",,,,legacy_159
164,명작복분자,3.0,1.0,1.0,5,13,0.0,과실주,단맛   바디감     과실주 복분자,375ml,6500,(농)국순당고창명주(주),"복분자,효모,주정,정제수,과당,구연산",,,,legacy_160
165,명품진도홍주,3.0,,,3,38,0.0,증류주,향기 단맛   바디감     증류주 쌀 보리,375ml,20000,대대로영농조합법인,"쌀,보리,누룩,지초,정제수",,,,legacy_161
166,모월로,,,,2,25,0.0,증류주,향기         증류주 쌀,500ml,25000,협동조합주담,"쌀,누룩,정제수",,,,legacy_162
167,모월연,1.0,3.0,1.0,2,13,0.0,약주/청주,신맛       약주/청주 쌀  선물,500ml,18000,협동조합주담,"쌀,누룩,정제수",,,,legacy_163
168,모월인,,,,3,41,0.0,증류주,향기    바디감 목넘김    증류주 쌀  파티,500ml,40000,협동조합주담,"쌀,누룩,정제수",,,,legacy_164
169,모월청,1.0,3.0,2.0,3,16,0.0,약주/청주,신맛  바디감     약주/청주 쌀,500ml,21000,협동조합주담,"쌀,누룩,정제수",,,,legacy_165
170,모을동주소주,,,,4,43,0.0,증류주,향기    바디감 목넘김    증류주 쌀,350ml,15000,대작영농조합법인,"쌀,조제종국효모,정제효소,정제수",,,,legacy_166
171,모을동주약주,4.0,3.0,3.0,4,13,0.0,약주/청주,단맛 신맛 청량감 바디감     약주/청주 쌀,375ml,13000,대작영농조합법인,"쌀,조제종국효모,정제효소,정제수",,,,legacy_167
172,무주구천동머루와인,2.0,2.0,1.0,3,12,0.0,과실주,바디감     과실주 머루,750ml,25000,덕유양조,국내산산머루,,,,legacy_168
173,무주구천동산머루주,2.0,2.0,1.0,3,16,0.0,과실주,바디감     과실주 머루  가성비,750ml,15000,덕유양조,국내산산머루,,,,legacy_169
174,문경바람백자25,,,,3,25,0.0,증류주,향기    바디감 목넘김    증류주 사과  과일류,375ml,16000,농업회사법인(주)제이엘,사과,,,,legacy_170
175,문경바람백자40,,,,4,40,0.0,증류주,향기    바디감 목넘김    증류주 사과  과일류,375ml,"24,000",농업회사법인(주)제이엘,사과,,,,legacy_171
176,문경바람오크,,,,4,40,0.0,증류주,향기    바디감 목넘김    증류주 사과  과일류,375ml,28000,농업회사법인(주)제이엘,사과,,,,legacy_172
177,문경주조오미자생막걸리,2.0,3.0,2.0,4,6.5,1.0,탁주,신맛  바디감  담백  탄산 탁주 오미자,750ml,2500,문경주조,"정제수,백미,입국,올리고당,물엿,허브,오미자,정제효소,아스파탐·아세셀펌칼륨",,,,legacy_173
178,문배술헤리티지23,1.0,,,1,23,0.0,증류주,증류주 쌀,375ml,5555,문배주양조원,"메조,찰수수,쌀",,,,legacy_174
179,문배술헤리티지25,1.0,,,1,25,0.0,증류주,증류주 쌀  선물,375ml,6111,문배주양조원,"메조,찰수수,쌀",,,,legacy_175
180,문배술헤리티지40,2.0,,,3,40,0.0,증류주,바디감     증류주 쌀  선물,200ml,12000,문배주양조원,"메조,찰수수,쌀",,,,legacy_176
181,문희문경오미자수제전통주,3.0,1.0,3.0,3,12,0.0,탁주,단맛  청량감 바디감     탁주 쌀 찹쌀 오미자,500ml,15000,문경주조(전통술체험관),"햇찹쌀,전통누룩,오미자",,,,legacy_177
182,문희햇찹쌀수제전통주,3.0,1.0,2.0,3,13,0.0,탁주,단맛   바디감     탁주 쌀 찹쌀,500ml,15000,문경주조,"유기농찹쌀,멥쌀,전통누룩,정제수",,,,legacy_178
183,미르25,2.0,0.0,1.0,3,25,0.0,증류주,바디감     증류주 쌀  파티,375ml,18000,술샘,"쌀,누룩,정제수",,,,legacy_179
184,미르40,1.0,0.0,0.0,2,40,0.0,증류주,증류주 쌀,375ml,23000,술샘,"쌀,누룩,정제수",,,,legacy_180
185,미생막걸리,2.0,3.0,3.0,3,6,0.0,탁주,신맛 청량감 바디감     탁주 쌀  탄산,750ml,1100,김포금쌀탁주영농조합법인,"국내산쌀,누룩,효모,정제효소,정제수",,,,legacy_181
186,미소생막걸리,3.0,3.0,3.0,2,7,0.0,탁주,단맛 신맛 청량감      탁주 쌀,750ml,1500,울진술도가,"쌀,누룩,정제수",,,,legacy_182
187,미소아이스,4.0,1.0,,3,12,0.0,과실주,단맛   바디감     과실주 포도,375ml,40000,도란원,"포도,산화방지제,효모등",,,,legacy_183
188,미인약주,4.0,1.0,1.0,2,15,0.0,약주/청주,단맛        약주/청주 쌀 찹쌀  선물,500ml,25000,최행숙전통주가,"찹쌀,누룩,정제수",,,,legacy_184
189,미인탁주,3.0,1.0,1.0,3,10,0.0,탁주,단맛   바디감     탁주 쌀 찹쌀  무감미료,500ml,15000,최행숙전통주가,"찹쌀,누룩,정제수",,,,legacy_185
190,민속주안동소주,1.0,,,4,45,0.0,증류주,바디감     증류주 쌀,400ml,28000,민속주안동소주,"쌀,누룩,정제수",,,,legacy_186
191,바랑탁,4.0,2.0,1.0,4,15,0.0,탁주,단맛   바디감     탁주 쌀 찹쌀  소용량,375ml,18000,농업회사법인(주)금계당,"찹쌀,맵쌀,누룩,소맥분,정제수",,,,legacy_187
192,밤꽃향기,5.0,2.0,2.0,2,13.5,0.0,약주/청주,단맛        약주/청주 쌀 밤,375ml,4000,농업회사법인사곡양조원,"국내산쌀,밤,누룩,정제수",,,,legacy_188
193,방문주약주,2.0,3.0,3.0,3,15,0.0,약주/청주,신맛 청량감 바디감     약주/청주 쌀 찹쌀  선물,500ml,7000,케이소주(전주가양주연구소),"국내산찹쌀,누룩,정제수",,,,legacy_189
194,방문주탁주,2.0,3.0,3.0,4,15,0.0,탁주,신맛 청량감 바디감     탁주 쌀 찹쌀  선물,500ml,6000,케이소주(전주가양주연구소),"국내산찹쌀,누룩,정제수",,,,legacy_190
195,배꽃담은연생막걸리,3.0,3.0,4.0,2,10,0.0,탁주,단맛 신맛 청량감      탁주 쌀,720ml,20000,(주)농업회사법인술빚는전가네,"국내산쌀,누룩,효모,젖산,연잎,정제수",,,,legacy_191
196,배도가로아19레드,2.0,,,2,19,0.0,증류주,향기         증류주 사과,350ml,10000,주식회사배혜정농업회사법인,사과,,,,legacy_192
197,배도가로아40옐로우,2.0,,,3,40,0.0,증류주,바디감     증류주 쌀  과일류,350ml,20000,배혜정도가,"쌀,배",,,,legacy_193
198,백년향,3.0,3.0,2.0,3,10,0.0,탁주,단맛 신맛  바디감  담백   탁주 쌀  무감미료,500ml,11000,(주)농업회사법인추연당,"국내산쌀,누룩,정제수",,,,legacy_194
199,백련맑은술,2.0,2.0,1.0,4,12,0.0,약주/청주,바디감  담백   약주/청주  선물,375ml,7000,신평양조장,"백미,정제수,물엿,과당,누룩,백련잎,누룩등",,,,legacy_195
200,백련생막걸리Misty,2.0,3.0,4.0,4,7,0.0,탁주,신맛 청량감 바디감  담백   탁주  선물,750ml,3000,신평양조장,"백미,정제수,물엿,과당,누룩,백련잎,누룩등",,,,legacy_196
201,백련생막걸리Snow,2.0,2.0,2.0,4,6,0.0,탁주,바디감     탁주,750ml,1600,신평양조장,"백미,연잎,정제수,종국,효모,아스파탐,물엿등",,,,legacy_197
202,백운복분자와인,2.0,2.0,1.0,5,11,0.0,기타주류,바디감     기타주류 쌀 복분자  베리류,360ml,7000,농업회사법인(주)백운주가,"쌀,토종복분자과즙",,,,legacy_198
203,백운복분자주,3.0,2.0,2.0,4,13,0.0,기타주류,단맛   바디감     기타주류 쌀 복분자  베리류,360ml,7000,농업회사법인(주)백운주가,"쌀,토종복분자과즙",,,,legacy_199
204,백이주,2.0,2.0,1.0,3,35,0.0,과실주,바디감     과실주 쌀 밀 감초  명절,800ml,30000,농업회사법인(주)세찬제조사,"쌀,홍마늘액,감초,개량누룩,효모,정제효소제,정제수,밀함유",,,,legacy_200
205,백자주,3.0,3.0,2.0,3,10,0.0,탁주,단맛 신맛  바디감     탁주 쌀 찹쌀,500ml,18000,농업회사법인(주)산수,"국내산찹쌀,멥쌀,잣,누룩,정제수",,,,legacy_201
206,뱅꼬레레드와인,3.0,4.0,2.0,2,12,0.0,과실주,단맛 신맛       과실주 포도,375ml,25000,(주)한국와인,양조용포도,,,,legacy_202
207,뱅꼬레로제와인,4.0,3.0,3.0,2,11.5,0.0,과실주,단맛 신맛 청량감      과실주 포도  선물,375ml,23000,(주)한국와인,양조용포도,,,,legacy_203
208,뱅꼬레아이스와인,5.0,2.0,2.0,4,12,0.0,과실주,단맛   바디감     과실주 포도,375ml,90000,(주)한국와인,양조용포도,,,,legacy_204
209,뱅꼬레화이트와인,4.0,3.0,3.0,2,11,0.0,과실주,단맛 신맛 청량감      과실주 포도  저도수,375ml,23000,(주)한국와인,양조용포도,,,,legacy_205
210,베베마루캠벨로제,3.0,1.0,1.0,3,12,0.0,과실주,단맛   바디감     과실주 포도,375ml,20000,월류원,포도,,,,legacy_206
211,베베마루캠벨로제스위트,2.0,2.0,1.0,3,10,0.0,과실주,바디감     과실주 포도  저도수,375ml,20000,월류원,포도,,,,legacy_207
212,별바랑,4.0,2.0,2.0,4,17.5,0.0,약주/청주,단맛   바디감  담백   약주/청주 쌀 찹쌀  파티,375ml,27000,농업회사법인(주)금계당,"찹쌀,맵쌀,누룩,정제수",,,,legacy_208
213,병영설성동동주,2.0,2.0,3.0,2,6,0.0,탁주,청량감      탁주 쌀  무감미료,1700ml,2500,병영양조장,"쌀,전분,효모,누룩,정제수",,,,legacy_209
214,병영설성사또,,,,3,40,0.0,증류주,향기    바디감 목넘김    증류주 쌀  베리류,700ml,40000,병영양조장,"쌀,효모,누룩,정제수",,,,legacy_211
215,병영설성생막걸리,3.0,2.0,2.0,2,6,0.0,탁주,단맛        탁주 쌀  무감미료,750ml,3500,병영양조장,"쌀,효모,누룩,정제수",,,,legacy_210
216,병영소주,3.0,0.0,3.0,4,40,0.0,증류주,단맛  청량감 바디감     증류주 보리,700ml,59400,병영주조장,"정제수,보리증류식소주원액",,,,legacy_212
217,복분자아락,2.0,,,3,40,0.0,증류주,향기    바디감     증류주 복분자,500ml,40000,농업회사법인배상면주가고창LB,"복분자증류원액,정제수",,,,legacy_213
218,복분자음,2.0,2.0,1.0,3,12,0.0,과실주,바디감     과실주 복분자  홈술,375ml,6000,농업회사법인배상면주가고창LB,"복분자,정제수",,,,legacy_214
219,복순도가손막걸리,2.0,3.0,5.0,4,6.5,1.0,탁주,신맛 청량감 바디감    탄산 탁주  파티,935ml,12000,김정식,복순도가,,,,legacy_215
220,볼빨간막걸리10,1.0,5.0,4.0,4,10,0.0,탁주,신맛 청량감 바디감     탁주 쌀 찹쌀  홈술,500ml,7000,농업회사법인(주)벗드림,"찹쌀,누룩,정제수",,,,legacy_216
221,볼빨간막걸리7,1.0,4.0,3.0,2,7,0.0,탁주,신맛 청량감      탁주 쌀 찹쌀  홈술,500ml,5000,농업회사법인(주)벗드림,"찹쌀,누룩,정제수",,,,legacy_217
222,봉하쌀생막걸리,1.0,2.0,3.0,2,6,0.0,탁주,청량감      탁주 쌀,750ml,2000,농업회사법인(주)죽향도가,"쌀,정제효소,젖산,효모,아스파탐,정제수",,,,legacy_218
223,부안참뽕막걸리,2.0,1.0,3.0,3,6,0.0,탁주,청량감 바디감     탁주 쌀 오디,950ml,2000,내변산(동진주조),"쌀,오디,종국,정제수,누룩,효모,아스파탐",,,,legacy_219
224,부안참뽕와인,3.0,2.0,1.0,4,13,0.0,과실주,단맛   바디감   탄닌감  과실주 오디  선물,750ml,18000,내변산(동진주조),"오디,정제수,주정",,,,legacy_220
225,부자10,4.0,1.0,1.0,2,10,0.0,탁주,단맛     담백   탁주 쌀  무감미료,375ml,5000,배혜정도가,"쌀,정제수,고과당,효모등",,,,legacy_221
226,불소곡주,2.0,,,4,43,0.0,기타주류,향기    바디감     기타주류 쌀 찹쌀 생강  고문헌,700ml,30000,한산소곡주,"찹쌀,누룩,백미,정제수,야국,메주콩,생강,홍고추",,,,legacy_222
227,붉은원숭이,4.0,2.0,2.0,4,10.8,0.0,탁주,단맛   바디감  담백   탁주 쌀  이색전통주,375ml,7000,술샘,"쌀,누룩,홍국,정제수",,,,legacy_223
228,블루베리이야기,3.0,1.0,1.0,3,12,0.0,과실주,단맛   바디감     과실주 머루 베리,375ml,6000,농업회사법인산들벗(주),"국내산산머루,블루베리",,,,legacy_224
229,산내울복분자주,4.0,4.0,3.0,3,16,0.0,기타주류,단맛 신맛 청량감 바디감     기타주류 복분자  베리류,750ml,20000,거창사과원예농협,"복분자,설탕,주정,정제수,과당",,,,legacy_225
230,산내울사과애주,4.0,4.0,3.0,2,16,0.0,기타주류,단맛 신맛 청량감      기타주류 사과  과일류,750ml,14000,거창사과원예농협,"사과,설탕,주정,정제수,과당",,,,legacy_226
231,산내울오미자주,2.0,3.0,3.0,2,16,0.0,기타주류,신맛 청량감      기타주류 오미자  선물,750ml,20000,거창사과원예농협,"오미자,설탕,주정,정제수,과당",,,,legacy_227
232,산막대덕주,3.0,1.0,1.0,2,13,0.0,약주/청주,단맛        약주/청주 쌀 밀,600ml,20000,농업회사법인신탄진주조(주),"국내산쌀,우리밀누룩",,,,legacy_228
233,산막생유막걸리,1.0,3.0,3.0,4,6,0.0,탁주,신맛 청량감 바디감     탁주 쌀  탄산,750ml,1200,농업회사법인신탄진주조(주),"국내산쌀,소맥분,종국,효모",,,,legacy_229
234,삼선,1.0,4.0,2.0,2,10,0.0,탁주,신맛       탁주 쌀  홈술,500ml,15000,농업회사법인두루(주),"국내산쌀,누룩,정제수",,,,legacy_230
235,삼양춘생약주,2.0,1.0,1.0,2,15,0.0,약주/청주,담백   약주/청주 쌀  선물,500ml,20000,송도향전통주조,"강화섬쌀,전통누룩,정제수",,,,legacy_231
236,삼양춘생탁주,2.0,1.0,1.0,4,12.5,0.0,탁주,바디감  담백   탁주 쌀  무감미료,500ml,12000,송도향전통주조,"강화섬쌀,전통누룩,정제수",,,,legacy_232
237,삼양춘청주,3.0,4.0,2.0,3,15,0.0,약주/청주,단맛 신맛  바디감  담백   약주/청주 쌀  선물,500ml,16800,송도향전통주조,"강화섬쌀,정제수,백국,황국,전통누룩,토종효모",,,,legacy_233
238,샤토미소랑,4.0,3.0,2.0,2,12,0.0,과실주,단맛 신맛       과실주 포도  홈술,375ml,20000,도란원,청포도,,,,legacy_234
239,샤토미소레드프리미엄드라이,2.0,3.0,2.0,3,13,0.0,과실주,신맛  바디감     과실주 포도,750ml,40000,도란원,포도,,,,legacy_235
240,샤토미소스위트,3.0,1.0,,3,12,0.0,과실주,단맛   바디감 목넘김    과실주 포도,750ml,20000,도란원,"포도,산화방지제,효모,설탕등",,,,legacy_236
241,샤토미소스위트로제,3.0,1.0,,2,12,0.0,과실주,단맛    목넘김  탄닌감  과실주 포도  파티,375ml,20000,도란원,"포도,산화방지제,효모,설탕등",,,,legacy_237
242,샤토미소영동,,,,4,40,0.0,증류주,향기    바디감     증류주 포도  과일류,200ml,30000,도란원,포도,,,,legacy_238
243,샹스프랑보아즈,4.0,3.0,3.0,2,13,0.0,과실주,단맛 신맛 청량감      과실주 복분자  파티,500ml,15000,(주)선운산복분자주흥진,"복분자,구연산,과당,구연산,아스파탐,주정,정제수",,,,legacy_239
244,서울의밤,,,,2,25,0.0,기타주류,향기         기타주류 꿀  홈술,375ml,7500,더한주류,"매실증류주원액,벌꿀,,노간주나무열매,정제수",,,,legacy_240
245,서주16,3.0,2.0,3.0,3,16,0.0,약주/청주,단맛  청량감 바디감     약주/청주 감자  선물,400ml,22500,오대서주양조,"백미,감자,누룩,효모,정제수",,,,legacy_241
246,석로주,1.0,1.0,1.0,4,13,0.0,약주/청주,바디감     약주/청주 쌀 버섯  선물,720ml,34000,석이원주조,"국내산쌀,석이버섯,누룩,효모,정제수",,,,legacy_242
247,석탄주약주,1.0,3.0,2.0,3,15,0.0,약주/청주,신맛  바디감     약주/청주 쌀 찹쌀  명절,500ml,7000,케이소주(전주가양주연구소),"국내산찹쌀,누룩,정제수",,,,legacy_243
248,석탄주탁주,2.0,3.0,3.0,4,15,0.0,탁주,신맛 청량감 바디감     탁주 쌀 찹쌀  고문헌,500ml,6000,케이소주(전주가양주연구소),"국내산찹쌀,누룩,정제수",,,,legacy_244
249,선운산복분자와인,4.0,4.0,3.0,2,13,0.0,과실주,단맛 신맛 청량감      과실주 복분자  소용량,300ml,6000,(주)선운산복분자주흥진,"복분자,구연산,과당,구연산,아스파탐,주정,정제수",,,,legacy_245
250,선운산복분자주,4.0,4.0,3.0,2,16,0.0,과실주,단맛 신맛 청량감      과실주 복분자  홈술,375ml,6250,(주)선운산복분자주흥진,"복분자,과당,구연산,아스파탐,무수아황산",,,,legacy_246
251,선운산복분자주프리미엄,4.0,3.0,3.0,2,19,0.0,과실주,단맛 신맛 청량감      과실주 복분자  진한맛,700ml,40000,(주)선운산복분자주흥진,"복분자,과당,구연산,아스파탐,무수아황산",,,,legacy_247
252,선운산의아침복분자막걸리,2.0,2.0,1.0,4,6,0.0,탁주,바디감     탁주 쌀 복분자,750ml,2333,(농)국순당고창명주(주),"복분자,쌀,효모,국,과당,구연산,젖산,정제수",,,,legacy_248
253,선호생막걸리,2.0,3.0,3.0,3,6,1.0,탁주,신맛 청량감 바디감  담백  탄산 탁주 쌀,750ml,1700,김포금쌀탁주영농조합법인,"국내산쌀,누룩,효모,정제효소,천연감미료,정제수",,,,legacy_249
254,설궁,2.0,,,2,30,0.0,기타주류,기타주류 꿀 삼 버섯  겨울,700ml,10000,솔래원,"자연산송이버섯,산양산삼,토종벌꿀",,,,legacy_250
255,설레온,2.0,,,3,40,0.0,증류주,바디감     증류주 쌀,375ml,20000,농업회사법인대윤가야곡주조(주),"쌀,누룩,효모,정제수",,,,legacy_251
256,설련주,2.0,4.0,2.0,3,16,0.0,약주/청주,신맛  바디감     약주/청주 쌀 찹쌀  선물,750ml,35000,영농조합법인석전상온전통주가,"백련,찹쌀,멥쌀,누룩",,,,legacy_252
257,설성만월막걸리,2.0,3.0,2.0,3,8,0.0,탁주,신맛  바디감     탁주 쌀,750ml,4000,병영주조장,"정제수,유기농쌀국내산,누룩,유기농올리고당등",,,,legacy_253
258,설하담,3.0,1.0,4.0,2,8,1.0,탁주,단맛  청량감     탄산 탁주 쌀  홈술,475ml,3900,리큐랩주식회사,"국내산멥쌀,개량누룩,정제수,이산화탄소",,,,legacy_254
259,성포생막걸리,3.0,3.0,3.0,3,6,0.0,탁주,단맛 신맛 청량감 바디감     탁주 쌀,750ml,1100,성포양조장,"쌀,소맥분,전분당,정제수,무농약미나리추출액,정제효소,종국,효모,아스파탐",,,,legacy_255
260,세우리,,,,4,45,0.0,증류주,향기    바디감 목넘김    증류주 쌀 구기자 삼,700ml,250000,제주샘영농조합법인,"산양삼,하수오,구기자,쌀",,,,legacy_256
261,세종대왕어주약주,3.0,1.0,1.0,3,15,0.0,약주/청주,단맛   바디감  담백   약주/청주 쌀  선물,500ml,25900,농업회사법인장희도가(주),"쌀,누룩,정제수",,,,legacy_257
262,세종대왕어주탁주,3.0,3.0,1.0,2,13,0.0,탁주,단맛 신맛    담백   탁주 쌀  고문헌,500ml,16900,농업회사법인장희도가(주),"쌀,누룩,정제수",,,,legacy_258
263,세종쌀막걸리,3.0,1.0,3.0,3,6,0.0,탁주,단맛  청량감 바디감     탁주,750ml,1500,조은술세종,"정제수,백미,소맥분,전분당,효모,젖산등",,,,legacy_259
264,세종알밤주,4.0,1.0,3.0,4,6,0.0,기타주류,단맛  청량감 바디감  담백   기타주류 밤,750ml,1500,조은술세종,"정제수,백미,소맥분,알밤,전분당,효모,젖산등",,,,legacy_260
265,세종오가닉,1.0,3.0,,1,13,0.0,약주/청주,신맛   목넘김    약주/청주  선물,375ml,9000,조은술세종,"정제수,유기농백미,국,효모,정제효소,구연산",,,,legacy_261
266,세종청주생막걸리,2.0,1.0,3.0,3,6,0.0,탁주,청량감 바디감     탁주 쌀,750ml,1500,조은술세종,"쌀,소맥분,국,조제종국,효모,물엿등",,,,legacy_262
267,소나무와학,4.0,,,4,43,0.0,증류주,향기 단맛   바디감     증류주 쌀 솔잎,750ml,39000,용두산조은술,"쌀,솔잎,황기,당귀,효모,아스파탐",,,,legacy_263
268,소백산검은콩막걸리,3.0,1.0,1.0,3,6,0.0,탁주,단맛   바디감     탁주,750ml,1800,대강양조장,"백미,소맥분,검은콩,검은깨등",,,,legacy_264
269,소백산생막걸리,2.0,3.0,2.0,4,6,0.0,탁주,신맛  바디감     탁주 쌀  파티,750ml,1980,대강양조장,"쌀,정제수,소맥분,입국,효모등",,,,legacy_265
270,소백산생만찬주,2.0,2.0,2.0,2,6,0.0,탁주,탁주 쌀,750ml,1200,대강양조장,"정제수,쌀,소맥분,입국,효모,아스파탐등",,,,legacy_266
271,소백산오곡진상주,1.0,4.0,3.0,3,7,0.0,탁주,신맛 청량감 바디감     탁주 쌀 보리 밀,750ml,1500,대강양조장,"쌀,밀,보리,옥수수,조등",,,,legacy_267
272,소백산청동동주,2.0,1.0,2.0,2,10,0.0,약주/청주,약주/청주 쌀,"1,700ml",3000,대강양조장,"쌀,소맥분,누룩,주정,고과당,대추등",,,,legacy_268
273,소양강생막걸리,1.0,3.0,2.0,3,6,0.0,탁주,신맛  바디감     탁주,750ml,1200,소양강도가(구.천정양조장),"백미,소맥분,정제수,팽화미,아스파탐,물엿,정제수",,,,legacy_269
274,솔송주,2.0,1.0,,3,13,0.0,약주/청주,바디감 목넘김 담백   약주/청주  선물,375ml,7000,명가원영농조합법인,"정제수,백미,국내산송순농축액,누룩,조제종국,효모",,,,legacy_270
275,송명섭막걸리,1.0,3.0,3.0,3,6,0.0,탁주,신맛 청량감 바디감     탁주 쌀  선물,900ml,3000,태인합동주조,"국내산쌀,곡자,정제수",,,,legacy_271
276,송이주,1.0,4.0,1.0,2,13,0.0,약주/청주,신맛       약주/청주 쌀  홈술,375ml,12000,내국양조,"국내산쌀,송이농충액,누룩,정제수",,,,legacy_272
277,송화백일주,,,3.0,3,38,0.0,기타주류,청량감 바디감 목넘김    기타주류 쌀 찹쌀 오미자 구기자 꿀 솔잎 산수유,500ml,45000,송화양조사,"쌀,찹쌀,누룩,산수유,오미자,구기자,솔잎,송화가루,꿀",,,,legacy_273
278,순향주,2.0,2.0,2.0,2,15,0.0,약주/청주,약주/청주 쌀  파티,375ml,18666,(주)농업회사법인추연당,"국내산쌀,누룩,정제수",,,,legacy_274
279,술공방9,3.0,2.0,1.0,3,9,1.0,탁주,단맛   바디감  담백  탄산 탁주 쌀 밀,500ml,5000,두이술공방,"쌀,밀누룩,국,효모,효소,올리고당",,,,legacy_275
280,술그리다생탁주,2.0,1.0,1.0,1,10,0.0,탁주,담백   탁주 쌀,500ml,9000,농업회사법인(주)좋은술,"국내산쌀,누룩",,,,legacy_276
281,술샘이화주,4.0,1.0,0.0,1,8,0.0,탁주,단맛        탁주 쌀  고문헌,100ml,6500,술샘,"쌀,누룩,정제수",,,,legacy_277
282,술아국화주,4.0,3.0,2.0,4,15,0.0,약주/청주,단맛 신맛  바디감     약주/청주 쌀 찹쌀 꽃  홈술,375ml,18000,농업회사법인(주)술아원,"국내산찹쌀,누룩,건조국화꽃,증류주,정제수",,,,legacy_278
283,술아막걸리,3.0,4.0,3.0,4,8,0.0,탁주,단맛 신맛 청량감 바디감     탁주 쌀 찹쌀,450ml,7000,농업회사법인(주)술아원,"국내산찹쌀,누룩,정제수",,,,legacy_279
284,술아매화주,5.0,3.0,2.0,4,15,0.0,약주/청주,단맛 신맛  바디감     약주/청주 쌀 찹쌀 꽃  홈술,375ml,18000,농업회사법인(주)술아원,"국내산찹쌀,누룩,건조매화꽃,증류주,정제수",,,,legacy_280
285,술아순곡주,5.0,3.0,2.0,5,20,0.0,약주/청주,단맛 신맛  바디감     약주/청주 쌀 찹쌀  홈술,375ml,18000,농업회사법인(주)술아원,"국내산찹쌀,누룩,증류주,정제수",,,,legacy_281
286,술아연화주,5.0,3.0,2.0,4,15,0.0,약주/청주,단맛 신맛  바디감     약주/청주 쌀 찹쌀 꽃  홈술,375ml,18000,농업회사법인(주)술아원,"국내산찹쌀,누룩,건조연화꽃,증류주,정제수",,,,legacy_282
287,술예쁘다생탁주,1.0,3.0,1.0,2,13,0.0,탁주,신맛       탁주 쌀  무감미료,500ml,18000,농업회사법인(주)좋은술,"국내산쌀,누룩",,,,legacy_283
288,술취한원숭이,4.0,2.0,2.0,2,10.8,0.0,탁주,단맛     담백   탁주 쌀  이색전통주,375ml,7000,술샘,"쌀,누룩,홍국,정제수",,,,legacy_284
289,술헤는밤,2.0,4.0,2.0,3,8,0.0,탁주,신맛  바디감     탁주 쌀,750ml,5900,농업회사법인두루(주),"국내산쌀,누룩,정제수",,,,legacy_285
290,스타베리오디와인,3.0,4.0,3.0,3,12,0.0,과실주,단맛 신맛 청량감 바디감     과실주 포도,500ml,28000,(주)한국와인,양조용포도,,,,legacy_286
291,시나브로드글로리아,3.0,3.0,2.0,2,12,0.0,과실주,단맛 신맛       과실주 포도  홈술,750ml,25000,불휘농장,포도,,,,legacy_287
292,시나브로레드드라이,2.0,3.0,3.0,3,12,0.0,과실주,신맛 청량감 바디감     과실주 포도,750ml,25000,불휘농장,포도,,,,legacy_288
293,시나브로레드스위트,3.0,3.0,3.0,2,12,0.0,과실주,단맛 신맛 청량감      과실주 포도  홈술,750ml,25000,불휘농장,포도,,,,legacy_289
294,시나브로로제와인,3.0,3.0,3.0,3,10,0.0,과실주,단맛 신맛 청량감 바디감     과실주 포도  파티,500ml,30000,불휘농장,포도,,,,legacy_290
295,시나브로에뚜왈로제스파클링와인,2.0,3.0,4.0,2,5,1.0,과실주,신맛 청량감    탄닌감 탄산 과실주 포도  파티,750ml,30000,불휘농장,포도,,,,legacy_291
296,시나브로에뚜왈스파클링,3.0,3.0,4.0,2,5,1.0,과실주,단맛 신맛 청량감     탄산 과실주 포도  과일류,750ml,30000,불휘농장,포도,,,,legacy_292
297,시나브로화이트와인,4.0,4.0,4.0,3,11,0.0,과실주,단맛 신맛 청량감 바디감     과실주 포도  선물,500ml,30000,불휘농장,청포도,,,,legacy_293
298,시인의마을우리쌀막걸리,2.0,3.0,3.0,4,10,0.0,탁주,신맛 청량감 바디감     탁주 쌀,700ml,7900,이원양조장,"쌀,누룩,정제수,무감미료",,,,legacy_294
299,신례명주,,,4.0,4,50,0.0,증류주,청량감 바디감     증류주 귤  과일류,750ml,99000,농업회사법인(주)시트러스,"감귤,감귤증류주",,,,legacy_295
300,신선주,3.0,3.0,2.0,4,16,0.0,약주/청주,단맛 신맛  바디감     약주/청주 쌀 구기자 삼 솔잎  명절,750ml,19000,용두산조은술,"쌀,능금,신선초,천궁,구기자,당귀솔잎,대추,인삼",,,,legacy_296
301,신선주백주,2.0,3.0,1.0,3,10,0.0,탁주,신맛  바디감 목넘김    탁주 쌀 찹쌀 약재  무감미료,500ml,15000,농업회사법인(주)신선,"청원생명쌀,정제수,찹쌀,전통누룩,약재,숙지황,생지황)",,,,legacy_297
302,신선주약주,3.0,3.0,3.0,3,16,0.0,약주/청주,단맛 신맛 청량감 바디감     약주/청주 쌀 찹쌀 약재,500ml,25000,농업회사법인(주)신선,"찹쌀,전통누룩,약재,숙지황,생지황)",,,,legacy_298
303,신선주증류주,,4.0,,3,42,0.0,증류주,향기  신맛  바디감     증류주 쌀 찹쌀 약재,375ml,60000,농업회사법인(주)신선,"찹쌀,전통누룩,약재,숙지황,생지황)",,,,legacy_299
304,심플리애플,4.0,,,1,12,0.0,기타주류,향기 단맛        기타주류 쌀 사과 꿀,350ml,9000,주식회사배혜정농업회사법인,"쌀,사과즙,벌꿀",,,,legacy_300
305,아이싱,3.0,1.0,1.0,3,4,0.0,탁주,단맛   바디감     탁주 쌀  탄산,300ml,1300,국순당,"쌀,자몽엑기스",,,,legacy_301
306,아이원막걸리,3.0,3.0,3.0,2,6,0.0,탁주,단맛 신맛 청량감      탁주 쌀 밀,750ml,1000,이원양조장,"쌀,밀,입국,누룩,정제수",,,,legacy_302
307,아황주,1.0,3.0,1.0,3,17,0.0,약주/청주,신맛  바디감     약주/청주 쌀 찹쌀  고문헌,500ml,23000,최행숙전통주가,"찹쌀,멥쌀,누룩,정제수",,,,legacy_303
308,안동소주느낌19.8,,,,2,19.8,0.0,증류주,증류주  저도수,360ml,4000,농업회사법인명품안동소주(주),"백미,누룩,효모,정제수",,,,legacy_304
309,안동소주느낌30,,,,3,30,0.0,증류주,향기    바디감 목넘김    증류주,360ml,6500,농업회사법인명품안동소주(주),"백미,누룩,효모,정제수",,,,legacy_305
310,안동소주일품17,3.0,,,2,17,0.0,증류주,단맛        증류주 쌀,350ml,4000,안동소주일품,"국내산쌀,입국",,,,legacy_306
311,안동소주일품21,3.0,,,2,21,0.0,증류주,단맛        증류주 쌀,350ml,4500,안동소주일품,"국내산쌀,입국",,,,legacy_307
312,안동소주일품골드,3.0,,,3,40,0.0,증류주,단맛   바디감     증류주 쌀,500ml,18000,안동소주일품,"국내산쌀,입국",,,,legacy_308
313,안동소주필Feel,,,,3,40,0.0,증류주,향기    바디감 목넘김    증류주,500ml,25000,농업회사법인명품안동소주(주),"백미,누룩,효모,정제수",,,,legacy_309
314,안성맞춤생막걸리,3.0,2.0,3.0,2,6,0.0,탁주,단맛  청량감      탁주 쌀,"1,000ml",2000,한주양조,"국내산쌀,누룩,효모,젖산,정제효소,정제수",,,,legacy_310
315,안양동동주,3.0,3.0,3.0,3,6,0.0,탁주,단맛 신맛 청량감 바디감     탁주 쌀 찹쌀,800ml,1100,안양주조장,"쌀,찹쌀,전통누룩,정제수",,,,legacy_311
316,애석,4.0,1.0,3.0,3,15,0.0,약주/청주,단맛  청량감 바디감     약주/청주 쌀  명절,500ml,30000,농업회사법인두루(주),"국내산쌀,누룩,정제수",,,,legacy_312
317,애피소드상그리아,4.0,4.0,4.0,2,3.5,1.0,과실주,단맛 신맛 청량감    탄닌감 탄산 과실주 포도  저도수,500ml,3500,(주)한국애플리즈,"포도와인,정제주정,정제수,포도농축액,고과당",,,,legacy_313
318,애피소드애플,4.0,4.0,4.0,2,3.5,1.0,과실주,단맛 신맛 청량감     탄산 과실주 사과  저도수,500ml,3500,(주)한국애플리즈,"사과와인,정제주정,정제수,사과농축액,고과당",,,,legacy_314
319,애피소드호프,4.0,4.0,4.0,2,3.5,0.0,기타주류,단맛 신맛 청량감      기타주류 쌀 사과 보리  과일류,500ml,3500,(주)한국애플리즈,"사과과즙,보리,쌀,홉",,,,legacy_315
320,야관문막걸리,1.0,3.0,2.0,1,6,0.0,탁주,신맛       탁주 쌀,750ml,1500,지리산그린영농조합운봉주조,"쌀,종국,정제수,누룩,효모,야관문",,,,legacy_316
321,양촌생동동주,2.0,3.0,2.0,2,10,0.0,탁주,신맛       탁주  무감미료,750ml,2400,양촌양조,"정제수,백미,효소제,효모등",,,,legacy_317
322,양촌생막걸리,2.0,2.0,3.0,2,6,0.0,탁주,청량감      탁주,750ml,1500,양촌양조,"팽화미,소맥분,정제수,물엿,효소,국등",,,,legacy_318
323,어우야,,,,2,16,0.0,기타주류,목넘김    기타주류  홈술,365ml,9900,왕지케양조장(제주본초협동조합),"야관문,정제수,,효모",,,,legacy_319
324,여강,,,,3,25,0.0,증류주,향기    바디감 목넘김    증류주 쌀,375ml,20000,(주)농업회사법인추연당,"국내산쌀,누룩,정제수",,,,legacy_320
325,여포의꿈레드드라이,2.0,2.0,,2,12,0.0,과실주,탄닌감  과실주 포도  선물,750ml,20000,여포와인농장,국내산포도,,,,legacy_321
326,여포의꿈레드스위트,4.0,1.0,,3,12,1.0,과실주,단맛   바디감   탄닌감 탄산 과실주 포도  선물,750ml,20000,여포와인농장,국내산포도,,,,legacy_322
327,여포의꿈화이트,1.0,2.0,,2,12,0.0,과실주,과실주 포도  선물,375ml,20000,여포와인농장,국내산포도,,,,legacy_323
328,연천아주,2.0,4.0,3.0,3,8,0.0,탁주,신맛 청량감 바디감     탁주 쌀,750ml,6000,농업회사법인연천양조(주),"쌀,누룩,정제수",,,,legacy_324
329,연천연주,2.0,4.0,2.0,3,12,0.0,약주/청주,신맛  바디감     약주/청주 쌀  저도수,500ml,15000,농업회사법인연천양조(주),"쌀,누룩,정제수",,,,legacy_325
330,연천우주,,,,3,22,0.0,증류주,향기    바디감     증류주 쌀,360ml,8500,농업회사법인연천양조(주),"쌀,누룩,효모,효소,연천율무,정제수",,,,legacy_326
331,영일만친구막걸리,2.0,2.0,3.0,2,6,0.0,탁주,청량감      탁주 쌀,750ml,1666,동해명주,"국내산쌀,물엿,우뭇가사리,효모,조제종국,정제효소제,아스파탐,젖산",,,,legacy_327
332,예담은한산소곡주,4.0,1.0,1.0,3,16,0.0,약주/청주,단맛   바디감     약주/청주 쌀 찹쌀  명절,750ml,12000,한산예담은소곡주,"찹쌀,멥쌀,누룩,대두,구절초",,,,legacy_328
333,예담은한산소곡화주,3.0,,,3,41,0.0,증류주,단맛   바디감     증류주 쌀 찹쌀  명절,500ml,30000,한산예담은소곡주,"찹쌀,멥쌀,누룩,대두,구절초",,,,legacy_329
334,예밀와인레드드라이,1.0,1.0,2.0,3,13,0.0,과실주,바디감     과실주 포도,750ml,20000,예밀2리영농조합법인,포도,,,,legacy_330
335,예밀와인레드스위트,4.0,1.0,2.0,3,12,0.0,과실주,단맛   바디감     과실주 포도,750ml,20000,예밀2리영농조합법인,포도,,,,legacy_332
336,예밀와인로제,1.0,1.0,2.0,3,12,0.0,과실주,바디감     과실주 포도,750ml,20000,예밀2리영농조합법인,포도,,,,legacy_331
337,예주,1.0,3.0,1.0,3,15,0.0,과실주,신맛  바디감     과실주 복분자,750ml,29000,용두산조은술,"복분자,주정,효모,정제수",,,,legacy_333
338,예천주복만월24,,,,2,24,0.0,증류주,향기         증류주 복분자  베리류,350ml,12800,농업회사법인(주)착한농부,"복분자증류원액,복분자과즙,정제수",,,,legacy_334
339,예천주복만월40,,,,4,40,0.0,증류주,향기    바디감 목넘김    증류주 복분자  베리류,350ml,19200,농업회사법인(주)착한농부,"복분자증류원액,복분자과즙,정제수",,,,legacy_335
340,예천주사월24,,,,2,24,0.0,증류주,향기         증류주 오미자  베리류,375ml,22000,농업회사법인(주)착한농부,"오미자증류원액,건오미자추출액,정제수",,,,legacy_336
341,예천주사월36.5,,,,2,36.5,0.0,증류주,향기     목넘김    증류주 오미자  베리류,375ml,29000,농업회사법인(주)착한농부,"오미자증류원액,건오미자추출액,정제수",,,,legacy_337
342,예화,2.0,1.0,1.0,3,13,0.0,약주/청주,바디감     약주/청주 쌀,750ml,10000,농업회사법인대윤가야곡주조(주),"쌀,누룩,효모,물엿,정제수",,,,legacy_338
343,옛날막걸리古,2.0,2.0,1.0,4,7.8,0.0,탁주,바디감     탁주 쌀  무감미료,750ml,2700,국순당,"배정제수,쌀,국,과당,효모/에탄올함량:",,,,legacy_339
344,오디랑,3.0,1.0,,1,13,0.0,과실주,단맛    목넘김    과실주 오디  소용량,330ml,4000,국순당고창명주,"오디,정제수,과당,주정,구연산,효모",,,,legacy_340
345,오매락퍽,3.0,,,4,40,0.0,기타주류,향기 단맛   바디감     기타주류  이색전통주,500ml,52000,(주)배상면주가,"구운매실,배증류원액",,,,legacy_344
346,오매백주,5.0,1.0,1.0,1,12,0.0,탁주,단맛     담백   탁주 쌀  무감미료,500ml,5000,농업회사법인오산양조(주),"쌀,국,효모,정제수",,,,legacy_341
347,오메기맑은술,1.0,5.0,1.0,3,16,0.0,약주/청주,신맛  바디감     약주/청주 쌀  선물,500ml,25000,제주술익는집,"좁쌀,햅쌀,정제수,누룩",,,,legacy_342
348,오메기술,2.0,2.0,1.0,3,13,0.0,약주/청주,바디감  담백   약주/청주 쌀 감초  홈술,375ml,13000,제주샘영농조합법인,"쌀,차조,입국,누룩,효모,효소,청호,조릿대,감초,정제수",,,,legacy_343
349,오목대,2.0,3.0,4.0,3,5,0.0,기타주류,신맛 청량감 바디감     기타주류 보리  탄산,1000ml,9000,농업회사법인동문거리양조장(주)(전주술로시티),"보리,맥아,말토텍스트린,호프펠렛,효모,정제효소제,정제수",,,,legacy_345
350,오미로제프리미어와인,3.0,4.0,4.0,4,12,0.0,과실주,단맛 신맛 청량감 바디감   탄닌감  과실주 오미자  선물,750ml,39000,농업회사법인(주)제이엘,오미자,,,,legacy_346
351,오미시앙스페셜,1.0,3.0,,2,12,0.0,과실주,신맛       과실주 오미자,500ml,10000,알에프,"오미자,주정,설탕,효모",,,,legacy_347
352,오산막걸리,2.0,4.0,2.0,3,6,0.0,탁주,신맛  바디감  담백   탁주 쌀  무감미료,500ml,3000,농업회사법인오산양조(주),"쌀,국,효모,정제수",,,,legacy_348
353,오희스파클링막걸리,1.0,3.0,3.0,2,8.5,1.0,탁주,신맛 청량감   담백  탄산 탁주 오미자,500ml,18000,문경주조,"백미,건오미자,조효소제,효모,정제수",,,,legacy_349
354,왕율주,,,,3,25,0.0,증류주,향기    바디감 목넘김    증류주 쌀 밤,330ml,8000,농업회사법인사곡양조원,"국내산쌀,밤,누룩,정제수",,,,legacy_350
355,왕피천을품은미소생막걸리,3.0,3.0,3.0,2,7,0.0,탁주,단맛 신맛 청량감      탁주 쌀,750ml,1200,울진술도가,"쌀,누룩,정제수",,,,legacy_351
356,우곡생주,4.0,2.0,2.0,5,10,0.0,탁주,단맛   바디감     탁주 쌀  무감미료,750ml,6500,배혜정도가,"쌀,국,효모,정제수",,,,legacy_352
357,우도땅콩전통주,4.0,1.0,3.0,3,6,0.0,기타주류,단맛  청량감 바디감  담백   기타주류 땅콩  저도수,750ml,4000,조은술세종,"정제수,전분당,백미,국,땅콩분,효모,젖산등",,,,legacy_353
358,우렁이쌀손막걸리,4.0,1.0,3.0,2,7.5,0.0,탁주,단맛  청량감      탁주 쌀,750ml,2600,양촌양조,"쌀,정제수효모,정제효소,효소처리스테비아",,,,legacy_354
359,운암1945,3.0,3.0,,3,12,0.0,약주/청주,단맛 신맛  바디감  담백   약주/청주 쌀,750ml,28000,농업회사법인우포의아침주식회사,"쌀,누룩,정제수",,,,legacy_355
360,원매,,,,3,15,0.0,기타주류,향기    바디감     기타주류 꿀  홈술,750ml,35000,더한주류,"매실원주액,매실청,꿀,카라멜,효소처리스테비아,정제수",,,,legacy_356
361,원매프리미엄,2.0,,,4,20,0.0,기타주류,향기    바디감     기타주류 꿀,700ml,45000,더한주류,"매실주원액,발효주정,정제수,꿀",,,,legacy_357
362,원조소곡화주,,,,2,41,0.0,증류주,향기     목넘김    증류주 쌀 찹쌀  소용량,300ml,14000,원조소곡주,"찹쌀,멥쌀,누룩",,,,legacy_358
363,원조한산소곡주,3.0,1.0,4.0,2,16,0.0,약주/청주,단맛  청량감      약주/청주 쌀 찹쌀,750ml,12000,원조소곡주,"찹쌀,멥쌀,누룩,대두,구절초",,,,legacy_359
364,월매쌀막걸리,2.0,2.0,3.0,1,6,0.0,탁주,청량감      탁주  소용량,350ml,1200,서울장수주식회사,"백미,말토올리고당,정제수",,,,legacy_360
365,유기농이도14,3.0,3.0,3.0,2,14,0.0,약주/청주,단맛 신맛 청량감      약주/청주 쌀 밀  선물,750ml,20000,농업회사법인조은술세종(주),"유기농쌀,우리밀누룩,조제종국,효모,정제수",,,,legacy_361
366,유기농이도42,2.0,0.0,0.0,3,42,0.0,증류주,바디감     증류주 쌀  선물,750ml,42000,조은술세종,"유기농쌀,정제수,증류원액,국,조제종국,효모등",,,,legacy_362
367,유자동동주,2.0,3.0,3.0,3,6,0.0,탁주,신맛 청량감 바디감     탁주 쌀,750ml,1100,성포양조장,"쌀,소맥분,전분당,정제수,유자과즙,치자,정제효소,종국,효모,젖산,아스파탐",,,,legacy_363
368,유자생막걸리,2.0,3.0,3.0,5,5,0.0,탁주,신맛 청량감 바디감     탁주 쌀,750ml,1800,배혜정도가,"쌀,유자,정제수,고과당,효모등",,,,legacy_364
369,율무동동주,2.0,4.0,3.0,4,14,0.0,탁주,신맛 청량감 바디감     탁주 쌀  드라이,750ml,14000,농업회사법인연천양조(주),"쌀,누룩,효모,연천율무,정제수",,,,legacy_365
370,은자골곶감생탁배기,1.0,1.0,3.0,5,6,0.0,탁주,청량감 바디감     탁주,750ml,1500,은척양조장,"백미,소맥분,정제수,곶감분말,전분당,국,누룩,효소,아스파탐등",,,,legacy_366
371,은자골생탁배기,1.0,3.0,3.0,3,5,0.0,탁주,신맛 청량감 바디감     탁주,750ml,1500,은척양조장,"백미,소맥분,정제수,전분당,국,누룩,효소,아스파탐등",,,,legacy_367
372,이강주19,2.0,0.0,2.0,4,19,0.0,기타주류,바디감     기타주류 쌀 꿀 생강 계피,375ml,4500,전주이강주,"쌀,소맥분,정맥,배,생강,계피,울금,꿀",,,,legacy_368
373,이강주25,2.0,0.0,2.0,2,25,0.0,기타주류,기타주류 쌀 꿀 생강 계피,750ml,28000,전주이강주,"쌀,소맥분,정맥,배,생강,계피,울금,꿀",,,,legacy_369
374,이도32,2.0,,,2,32,0.0,증류주,목넘김    증류주,750ml,37000,조은술세종,"물,증류원액",,,,legacy_370
375,이동생쌀막걸리,1.0,3.0,3.0,4,6,0.0,탁주,신맛 청량감 바디감     탁주  탄산,750ml,1300,이동주조,"정제수,백미,팽화미,입국,아스파탐등",,,,legacy_371
376,이동쌀막걸리,3.0,1.0,1.0,3,6,0.0,탁주,단맛   바디감     탁주,"1,200ml",1600,이동주조,"정제수,백미,팽화미,입국,아스파탐등",,,,legacy_372
377,이상헌약주,3.0,3.0,3.0,3,18,0.0,약주/청주,단맛 신맛 청량감 바디감     약주/청주 쌀  진한맛,500ml,45000,이가수불,"아산쌀,국,정제수",,,,legacy_373
378,이상헌탁주,2.0,3.0,3.0,3,19,0.0,탁주,신맛 청량감 바디감     탁주 쌀,500ml,25000,이가수불,"아산쌀,국,정제수",,,,legacy_374
379,이화백주,3.0,3.0,4.0,3,6,0.0,탁주,단맛 신맛 청량감 바디감     탁주 쌀  파티,940ml,12000,이화백주순탁주,"국내산햅쌀,전통누룩,정제수",,,,legacy_375
380,인천생소성주,1.0,2.0,1.0,2,6,0.0,탁주,탁주 쌀  탄산,750ml,1200,인천탁주,"쌀,팽화미,정제수,국,효모,아스파탐,효소,이소말토올리고당",,,,legacy_376
381,입장탁주,2.0,2.0,2.0,2,6,0.0,탁주,탁주 쌀,750ml,1200,농업회사법인입장주조㈜,"쌀,정제수,고과당,효모등",,,,legacy_377
382,자두와인레드,2.0,3.0,2.0,2,12,0.0,과실주,신맛       과실주  이색전통주,750ml,22000,자두사랑,피자두,,,,legacy_378
383,자두와인화이트,2.0,3.0,2.0,4,12,0.0,과실주,신맛  바디감     과실주,750ml,22000,자두사랑,후무사,,,,legacy_379
384,자연담은복분자막걸리,2.0,1.0,1.0,5,6,0.0,탁주,바디감     탁주 쌀 복분자,360ml,2800,(농)국순당고창명주(주),"복분자,쌀,효모,국,과당,구연산,젖산,정제수",,,,legacy_380
385,자연송이주,1.0,,,1,18,0.0,기타주류,기타주류 버섯,720ml,16000,솔래원,자연송이버섯,,,,legacy_381
386,자희향국화주,1.0,2.0,1.0,4,15,0.0,약주/청주,바디감     약주/청주 쌀 찹쌀  무감미료,500ml,20000,자희자양,"찹쌀,멥쌀,누룩,정제수,국화",,,,legacy_382
387,자희향나비생탁주,2.0,1.0,2.0,2,8,0.0,탁주,탁주 쌀 찹쌀,500ml,8000,자희자양,"찹쌀,멥쌀,누룩,정제수",,,,legacy_383
388,자희향탁주,2.0,2.0,1.0,3,12,0.0,탁주,바디감     탁주 쌀 찹쌀  선물,500ml,16000,자희자양,"찹쌀,멥쌀,누룩,정제수",,,,legacy_384
389,장수생막걸리,2.0,3.0,3.0,3,6,0.0,탁주,신맛 청량감 바디감     탁주  탄산,750ml,1200,서울장수주식회사,"백미,말토올리고당",,,,legacy_385
390,장수오미자주,3.0,4.0,4.0,3,16.5,0.0,과실주,단맛 신맛 청량감 바디감   탄닌감  과실주 오미자  베리류,360ml,5400,농업회사법인(주)알에프,"오미자,정제수,주정,설탕,효모",,,,legacy_386
391,장홍삼장수막걸리,1.0,4.0,3.0,5,6,0.0,탁주,신맛 청량감 바디감     탁주 삼,750ml,2000,서울장수주식회사,"백미,말토올리고당,홍삼분말",,,,legacy_387
392,정고집나주배약주15,4.0,2.0,3.0,2,15,0.0,약주/청주,단맛  청량감   담백   약주/청주 쌀  과일류,500ml,20000,남도탁주,"쌀,쌀가루,배착즙액,정제효소제,종국,젖산,효모",,,,legacy_388
393,정고집나주배약주9,4.0,2.0,3.0,3,9,0.0,약주/청주,단맛  청량감 바디감     약주/청주 쌀  과일류,500ml,18000,남도탁주,"쌀,쌀가루,배착즙액,정제효소제,종국,젖산,효모",,,,legacy_389
394,정고집나주쌀생막걸리,3.0,3.0,3.0,3,6,0.0,탁주,단맛 신맛 청량감 바디감     탁주 쌀,750ml,1200,남도탁주,"쌀,쌀가루,조제종국,정제효소,젖산,아스파탐,아세셀팜칼",,,,legacy_390
395,정고집옛날생동동주,3.0,3.0,4.0,3,6,0.0,탁주,단맛 신맛 청량감 바디감     탁주 쌀,750ml,1800,남도탁주,"쌀,쌀가루,조제종국,정제효소,젖산,아스파탐,아세셀팜칼",,,,legacy_391
396,제주고소리술,,,,3,40,0.0,증류주,향기    바디감     증류주,400ml,45000,제주술익는집,"잡곡,누룩,정제수",,,,legacy_392
397,젤코바스페셜,2.0,4.0,2.0,3,11.5,0.0,과실주,신맛  바디감     과실주 포도 머루  베리류,375ml,17000,농업회사법인(주)젤코바와이너리,"국내산산머루,MBA포도",,,,legacy_393
398,젤코바캠벨와인,3.0,4.0,2.0,3,13.5,0.0,과실주,단맛 신맛  바디감     과실주 포도  베리류,750ml,62500,농업회사법인(주)젤코바와이너리,"유기농캠벨포도,유기농설탕",,,,legacy_394
399,젤코바프리미엄와인,1.0,4.0,2.0,4,12,0.0,과실주,신맛  바디감     과실주 포도 머루  베리류,500ml,33000,농업회사법인(주)젤코바와이너리,"국내산산머루,MBA포도",,,,legacy_395
400,조선주조사,3.0,3.0,2.0,3,14,0.0,약주/청주,단맛 신맛  바디감     약주/청주 쌀  홈술,300ml,4000,농업회사법인우포의아침(주),"쌀,입국,누룩,주정,정제수",,,,legacy_396
401,조은술세종바나나주,3.0,1.0,3.0,4,4,0.0,기타주류,단맛  청량감 바디감  담백   기타주류 쌀  과일류,750ml,1700,조은술세종,"쌀,국,정제수,바나나농축액,조제종국,효모,물엿등",,,,legacy_397
402,주몽복분자주,3.0,1.0,1.0,3,16,0.0,기타주류,단맛   바디감     기타주류 쌀 복분자  베리류,375ml,5000,농업회사법인(유)술소리,"쌀,복분자",,,,legacy_398
403,주산지막걸리,2.0,1.0,2.0,2,6,0.0,탁주,탁주 쌀 밀,750ml,1200,청송양조장,"쌀,밀가루,누룩,입국,효모,고과당,물엿,아스파탐,삭카린나트륨,정제수",,,,legacy_399
404,주시락톡쏘는복분자막걸리,5.0,1.0,3.0,5,6,0.0,탁주,단맛  청량감 바디감     탁주 쌀 복분자,750ml,1800,가평우리술,"쌀,정제수,쌀입국,복분자원액,효모등",,,,legacy_400
405,죽력고,,,,3,32,0.0,증류주,향기    바디감     증류주 쌀  선물,700ml,60000,태인합동주조,"국내산쌀,죽력,누룩,정제수",,,,legacy_401
406,죽향생막걸리,1.0,2.0,4.0,1,6,0.0,탁주,청량감      탁주 쌀,750ml,2000,농업회사법인(주)죽향도가,"쌀,정제효소,젖산,효모,아스파탐,정제수",,,,legacy_402
407,줄포생막걸리,2.0,2.0,3.0,4,6,0.0,탁주,청량감 바디감     탁주 쌀,750ml,1200,내변산(동진주조),"쌀,종국정제수,누룩,효모,아스파탐",,,,legacy_403
408,지란지교무화과탁주,4.0,4.0,1.0,4,12,0.0,탁주,단맛 신맛  바디감  담백   탁주 쌀 찹쌀 밀  과일류,500ml,15000,(유)친구들의술지란지교,"찹쌀,멥쌀,전통누룩,정제수,무화과청,레드비트분말,밀함유",,,,legacy_404
409,지란지교약주,4.0,4.0,,4,17,0.0,약주/청주,단맛 신맛  바디감     약주/청주 쌀 찹쌀 밀  무감미료,375ml,20000,(유)친구들의술지란지교,"찹쌀·멥쌀,전통누룩,정제수,밀함유",,,,legacy_405
410,지란지교탁주,4.0,4.0,1.0,4,13,0.0,탁주,단맛 신맛  바디감  담백   탁주 쌀 찹쌀,500ml,15000,(유)친구들의술지란지교,"탁주찹쌀,멥쌀,누룩,정제수",,,,legacy_406
411,지리산정담생막걸리,1.0,3.0,2.0,1,6,0.0,탁주,신맛       탁주 쌀,750ml,1500,지리산그린영농조합운봉주조,"쌀,종국,정제수,누룩,효모",,,,legacy_407
412,지리산허브잎술,1.0,2.0,2.0,1,6,0.0,탁주,탁주 쌀,750ml,1500,지리산그린영농조합운봉주조,"쌀,종국,정제수,누룩,효모,국내산허브",,,,legacy_408
413,지장수생막걸리,3.0,2.0,3.0,3,6,0.0,탁주,단맛  청량감 바디감     탁주 쌀,750ml,1300,낙천,"정제수,쌀,효모,누룩,과당등",,,,legacy_409
414,지장수호박막걸리,2.0,1.0,1.0,2,6,0.0,탁주,탁주 쌀,550ml,5000,낙천,"정제수,쌀,효모,누룩,과당등",,,,legacy_410
415,지장수호박생막걸리,3.0,1.0,2.0,2,6,0.0,탁주,단맛        탁주 쌀,750ml,1400,낙천,"정제수,쌀,효모,누룩,과당등",,,,legacy_411
416,지평생쌀막걸리,4.0,1.0,4.0,2,5,0.0,탁주,단맛  청량감      탁주 쌀  가성비,1.7L,2700,지평주조,"쌀,정제수,국,효모,정제효소등",,,,legacy_412
417,지평생옛막걸리,4.0,1.0,2.0,2,5,0.0,탁주,단맛        탁주 밀  가성비,1.7L,2500,지평주조,"밀,정제수,국,분말종국,효모,정제효소등",,,,legacy_413
418,진도홍주루비콘,3.0,,,3,40,0.0,기타주류,향기 단맛   바디감     기타주류 쌀,375ml,10000,대대로영농조합법인,"쌀,누룩,지초,정제수",,,,legacy_414
419,진맥소주22,,,,2,22,0.0,증류주,향기         증류주 밀  홈술,375ml,22000,농업회사법인(주)밀과노닐다,유기농우리밀,,,,legacy_415
420,진맥소주40,,,,2,40,0.0,증류주,향기     목넘김    증류주 밀  홈술,200ml,22000,농업회사법인(주)밀과노닐다,유기농우리밀,,,,legacy_416
421,진맥소주53,,,,3,53,0.0,증류주,향기    바디감 목넘김    증류주 밀,200ml,39000,농업회사법인(주)밀과노닐다,유기농우리밀,,,,legacy_417
422,진심홍삼인삼주19,1.0,0.0,0.0,3,19,0.0,증류주,바디감     증류주 쌀 삼  삼(蔘)류,375ml,7000,태평주가,"쌀,정제주정,인삼침출액,홍삼농축액,고과당등",,,,legacy_418
423,진심홍삼인삼주38,1.0,0.0,0.0,2,38,0.0,증류주,증류주 쌀 삼,750ml,70000,태평주가,"쌀,정제주정,인삼침출액,홍삼농축액,고과당등",,,,legacy_419
424,진심홍삼주19,3.0,1.0,1.0,2,19,0.0,증류주,단맛        증류주 쌀 삼,375ml,3000,태평주가,"쌀,정제주정,인삼침출액,홍삼농축액,고과당등",,,,legacy_420
425,진쾌남,,,,3,25,0.0,기타주류,향기    바디감 목넘김    기타주류 쌀 오미자 구기자 밤 산수유 오가피,330ml,8500,농업회사법인사곡양조원,"국내산쌀,밤,누룩,구기자,오미자,산수유,오가피,동충하초,정제수",,,,legacy_421
426,찰막걸리,2.0,2.0,3.0,2,5.5,0.0,탁주,청량감      탁주 쌀 찹쌀 밀,750ml,1500,(주)1932포천일동막걸리,"정제수,쌀,밀가루,찹쌀,입국,효모정제효소제,아스파탐",,,,legacy_422
427,창원생탁주,3.0,3.0,3.0,3,6,0.0,탁주,단맛 신맛 청량감 바디감     탁주 쌀,750ml,1000,농업회사법인우포의아침(주),"쌀,누룩,효소,아스파탐,정제수",,,,legacy_423
428,천년담주,2.0,1.0,1.0,4,15,0.0,약주/청주,바디감     약주/청주 꿀,500ml,10000,농업회사법인(주)죽향도가,"백미,벌꿀,정제수",,,,legacy_424
429,천년전주생막걸리,1.0,1.0,2.0,3,6,0.0,탁주,바디감     탁주 쌀,750ml,1300,(유)산에들에농업회사법인,"정제수,쌀,소맥분,수쿠랄로스,효모,젖산,정제효소",,,,legacy_425
430,천년주,,,,2,25,0.0,증류주,목넘김    증류주 쌀,375ml,15000,농업회사법인(주)영덕주조,"쌀,천년초,조효소제,효모,젖산,정제효소,구연산,정제수",,,,legacy_426
431,천등산차례주,3.0,2.0,2.0,3,11,0.0,약주/청주,단맛   바디감     약주/청주 쌀,700ml,5900,고헌정영농조합법인,"쌀,구연산,효모,젖산,정제효소제,국,주정,정제수",,,,legacy_427
432,천마몽,3.0,,,3,38,0.0,기타주류,단맛   바디감     기타주류 쌀,375ml,15000,덕유양조,"쌀,누룩,효모,천마,정제수",,,,legacy_428
433,천마이야기,2.0,2.0,2.0,5,6,0.0,탁주,바디감     탁주 오미자,750ml,1500,농업회사법인산들벗(주),"팽화미,입국미,무주천마분말,오미자추출액",,,,legacy_429
434,천매,2.0,,,4,30,0.0,기타주류,향기    바디감     기타주류 꿀,600ml,130000,더한주류,"매실주원액,발효주정,정제수,꿀",,,,legacy_430
435,천비향오양주약주,2.0,2.0,1.0,3,16,0.0,약주/청주,바디감     약주/청주 쌀  파티,500ml,40000,농업회사법인(주)좋은술,"국내산쌀,누룩",,,,legacy_431
436,천비향오양주탁주,2.0,2.0,1.0,3,14,0.0,탁주,바디감     탁주 쌀  선물,500ml,18000,농업회사법인(주)좋은술,"국내산쌀,누룩",,,,legacy_432
437,천비향화주,,,,2,40,0.0,증류주,향기     목넘김    증류주 쌀  선물,375ml,50000,농업회사법인(주)좋은술,"국내산쌀,누룩",,,,legacy_433
438,천안연미주,2.0,3.0,4.0,2,13,0.0,약주/청주,신맛 청량감      약주/청주 삼 약재,360ml,5000,농업회사법인입장주조㈜,"백미,한약재홍삼외가지",,,,legacy_434
439,천지주가햅쌀생막걸리,3.0,2.0,2.0,5,6,0.0,탁주,단맛   바디감     탁주 쌀,750ml,1400,(유)산에들에농업회사법인,"쌀,정제수,국,효모등",,,,legacy_435
440,청남대블루베리생막걸리,3.0,2.0,3.0,2,6,1.0,탁주,단맛  청량감   담백  탄산 탁주 쌀 베리,750ml,3000,농업회사법인명세주가(주),"국내산쌀,블루베리엑기스,효모,조효소재,물엿,아스파탐,정제수",,,,legacy_436
441,청명주,4.0,4.0,2.0,4,17,0.0,약주/청주,단맛 신맛  바디감  담백   약주/청주 쌀 찹쌀  선물,500ml,23000,중원당,"국내산찹쌀,누룩,소맥분",,,,legacy_437
442,청산녹수꿀막걸리,1.0,2.0,3.0,4,8,0.0,탁주,청량감 바디감     탁주 쌀 사과 꿀,750ml,1500,농업회사법인(주)청산녹수,"쌀,벌꿀,사과농축액,효모,정제효소",,,,legacy_438
443,청산녹수사미인주,2.0,2.0,4.0,3,8,0.0,탁주,청량감 바디감     탁주 쌀 꿀  무감미료,750ml,4000,농업회사법인(주)청산녹수,"유기농햅쌀,벌꿀,입국,누룩,효모,정제수",,,,legacy_439
444,청산녹수생탁주,1.0,3.0,3.0,3,6,0.0,탁주,신맛 청량감 바디감     탁주 쌀 사과,750ml,1000,농업회사법인(주)청산녹수,"쌀,사과농축액,효모,정제효소",,,,legacy_440
445,청세주,3.0,1.0,1.0,4,18,0.0,약주/청주,단맛   바디감     약주/청주 쌀,375ml,4000,병영주조장,쌀,,,,legacy_441
446,청송얼음골동동주,2.0,3.0,4.0,2,6,0.0,탁주,신맛 청량감      탁주 쌀 사과 밀,"1,200ml",1800,청송양조장,"쌀,밀가루,누룩,입국,효모,아스파탐,청송사과액즙,정제수",,,,legacy_442
447,청송주왕사과막걸리,2.0,3.0,4.0,2,6,0.0,탁주,신맛 청량감      탁주 쌀 사과 밀,750ml,1500,청송양조장,"쌀,밀가루,누룩,입국,효모,아스파탐,청송사과액즙,정제수",,,,legacy_443
448,청양둔송구기주,3.0,1.0,1.0,2,16,0.0,약주/청주,단맛        약주/청주 쌀 구기자 감초  선물,700ml,11500,청양둔송구기주,"쌀,누룩,구기자,감초,두충껍질",,,,legacy_444
449,청진주,2.0,2.0,1.0,1,16,0.0,약주/청주,약주/청주 쌀 찹쌀  선물,375ml,30000,전통주연구개발원,"찹쌀,누룩,정제수",,,,legacy_445
450,청춘,2.0,2.0,1.0,3,15,0.0,약주/청주,바디감     약주/청주 쌀,750ml,20000,농업회사법인신탄진주조(주),"쌀,누룩,정제수",,,,legacy_446
451,초선의꿈로제,1.0,3.0,,2,12,0.0,과실주,신맛   목넘김  탄닌감  과실주 포도  기념일,375ml,20000,여포와인농장,국내산포도,,,,legacy_447
452,추사40,,,,3,40,0.0,증류주,향기    바디감     증류주 사과  과일류,500ml,60000,예산사과와인(주),사과,,,,legacy_448
453,추사로제,2.0,3.0,2.0,1,12,0.0,과실주,신맛       과실주 사과,375ml,20000,예산사과와인(주),사과,,,,legacy_449
454,추사백25,3.0,,,2,25,0.0,증류주,향기 단맛        증류주  과일류,350ml,12000,예산사과와인,"증류원액,정제수",,,,legacy_450
455,추사블루,3.0,1.0,2.0,3,12,0.0,과실주,단맛   바디감     과실주 베리  이색전통주,375ml,20000,예산사과와인(주),블루베리,,,,legacy_451
456,추사애플와인,3.0,1.0,2.0,3,12,0.0,과실주,단맛   바디감     과실주 사과  선물,375ml,20000,예산사과와인(주),사과,,,,legacy_452
457,추성주,2.0,0.0,3.0,2,25,0.0,증류주,청량감      증류주 쌀 오미자 구기자  선물,700ml,80000,추성고을,"쌀,정제수,누룩,오미자,구기자,상심자,갈근",,,,legacy_453
458,추시와인,3.0,2.0,2.0,3,12.5,0.0,기타주류,단맛   바디감     기타주류,750ml,16000,양촌감영농조합법인,감,,,,legacy_454
459,충주백주,,,,3,35,0.0,증류주,향기    바디감     증류주 쌀,375ml,7800,고헌정영농조합법인,"쌀증류원액,당귀,아스파탐,아세설팜K,구연산,정제수",,,,legacy_455
460,컨츄리산머루와인드라이,1.0,3.0,,3,14,0.0,과실주,신맛  바디감 목넘김    과실주 머루,750ml,20000,컨츄리농원,국산산머루원액,,,,legacy_456
461,컨츄리산머루와인스위트,2.0,3.0,,2,12,0.0,과실주,신맛       과실주 머루,750ml,20000,컨츄리농원,국산산머루원액,,,,legacy_457
462,컨츄리와인캠벨얼리스위트,3.0,1.0,,3,12,0.0,과실주,단맛   바디감 목넘김    과실주 포도,750ml,15000,컨츄리농원,국산포도원액,,,,legacy_458
463,코이버펑크머스캣베일리에이,3.0,3.0,3.0,4,12,0.0,과실주,단맛 신맛 청량감 바디감     과실주 포도  베리류,750ml,65000,코이버펑크,와이너리재배포도,,,,legacy_459
464,코이버펑크샤르도네세미용블랜드,2.0,4.0,4.0,3,11,0.0,과실주,신맛 청량감 바디감     과실주 포도  베리류,750ml,65000,코이버펑크,와이너리재배포도,,,,legacy_460
465,코이버펑크카베르네소비뇽,1.0,2.0,2.0,3,12,0.0,과실주,바디감     과실주  베리류,750ml,65000,"고성찬,이금자,정재학",코이버펑크,,,,legacy_461
466,쿨샷7.5,3.0,1.0,2.0,2,7.5,0.0,과실주,단맛        과실주 복분자  저도수,300ml,3000,농업회사법인고창선운산(유),"복분자과실,주정,효모,구연산,정제수",,,,legacy_462
467,크라테레드와인드라이,2.0,2.0,3.0,3,11.5,0.0,과실주,청량감 바디감     과실주 머루,750ml,48000,수도산와이너리,산머루,,,,legacy_463
468,크라테레드와인스위트,4.0,2.0,3.0,1,11.5,0.0,과실주,단맛  청량감      과실주 머루,750ml,48000,수도산와이너리,산머루,,,,legacy_464
469,크라테로제와인,4.0,1.0,3.0,3,11.5,0.0,과실주,단맛  청량감 바디감   탄닌감  과실주 머루,375ml,18000,수도산와이너리,산머루,,,,legacy_465
470,타미앙스,1.0,1.0,2.0,4,40,0.0,증류주,바디감     증류주 쌀 오미자 구기자  선물,500ml,50000,추성고을,"쌀,정제수,누룩,오미자,구기자,상심자,갈근",,,,legacy_466
471,톡쏘는알밤동동,4.0,1.0,3.0,3,6,0.0,기타주류,단맛  청량감 바디감     기타주류 쌀 밤,350ml,1300,가평우리술,"쌀,정제수,입국,밤농축액,밤추출물등",,,,legacy_467
472,톡한잔골드,3.0,,,4,43,0.0,기타주류,향기 단맛   바디감     기타주류 쌀 보리,500ml,49000,농업회사법인(유)대마주조,"찰보리,쌀,민들레분말,볶음보리",,,,legacy_468
473,톡한잔소주,2.0,,,3,30,0.0,증류주,바디감     증류주 쌀 보리,500ml,10000,농업회사법인(유)대마주조,"찰보리,쌀",,,,legacy_469
474,티나Tina,,,,5,16,0.0,기타주류,향기    바디감 목넘김    기타주류  이색전통주,750ml,54000,추성고을,"딸기추출물,죽력,정제수,주정,액상과당,구연산,딸기향,망고향",,,,legacy_470
475,펀치쌀바나나,3.0,1.0,2.0,4,4,1.0,기타주류,단맛   바디감    탄산 기타주류 쌀,750ml,2000,내변산(동진주조),"쌀,바나나농축액,효모,종곡,정제수,합성착향료,합성감미료",,,,legacy_471
476,편백숲산소막걸리,3.0,3.0,3.0,3,5.2,0.0,탁주,단맛 신맛 청량감 바디감     탁주 쌀 사과  저도수,750ml,1900,농업회사법인(주)청산녹수,"멥쌀,올리고당,사과농축액,누룩,아스파탐",,,,legacy_472
477,편백숲산소막걸리딸기스파클링,3.0,2.0,5.0,3,6.8,1.0,탁주,단맛  청량감 바디감    탄산 탁주 쌀 찹쌀  이색전통주,940ml,41000,농업회사법인(주)청산녹수,"멥쌀,찹쌀,누룩,딸기,올리고당",,,,legacy_473
478,편백숲산소막걸리순수령,3.0,1.0,1.0,4,5.8,0.0,탁주,단맛   바디감     탁주 쌀 찹쌀  홈술,750ml,4000,농업회사법인(주)청산녹수,"멥쌀,찹쌀,누룩",,,,legacy_474
479,평창머루주,1.0,3.0,1.0,4,16,0.0,과실주,신맛  바디감     과실주 머루,360ml,6500,농업회사법인(주)홍지원,국내산산머루,,,,legacy_475
480,평창오디주,1.0,3.0,1.0,3,16,0.0,과실주,신맛  바디감     과실주 오디,360ml,6500,농업회사법인(주)홍지원,국내산오디,,,,legacy_476
481,포엠레드드라이와인,2.0,3.0,2.0,4,12,0.0,과실주,신맛  바디감     과실주 포도 머루,750ml,25000,갈기산포도농원(주)농업회사법인,"포도,머루",,,,legacy_477
482,포엠레드스위트와인,4.0,3.0,3.0,3,12,0.0,과실주,단맛 신맛 청량감 바디감     과실주 포도,750ml,25000,갈기산포도농원(주)농업회사법인,포도,,,,legacy_478
483,포엠로제와인,4.0,3.0,3.0,3,12,0.0,과실주,단맛 신맛 청량감 바디감     과실주 포도,750ml,35000,갈기산포도농원(주)농업회사법인,포도,,,,legacy_479
484,포엠화이트와인,4.0,4.0,4.0,3,12,0.0,과실주,단맛 신맛 청량감 바디감     과실주 포도  과일류,750ml,35000,갈기산포도농원(주)농업회사법인,청포도,,,,legacy_480
485,풍남문,2.0,3.0,4.0,2,5,0.0,기타주류,신맛 청량감      기타주류 보리,1000ml,9000,농업회사법인동문거리양조장(주)(전주술로시티),"보리,맥아,호프펠렛,효모,정제효소제,정제수",,,,legacy_481
486,풍정사계동,2.0,,,3,25,0.0,증류주,향기    바디감     증류주  선물,375ml,25000,농업회사법인(유)화양,"국내산찹살,향온곡",,,,legacy_482
487,풍정사계추,1.0,2.0,1.0,4,12,0.0,탁주,바디감     탁주  선물,500ml,15000,농업회사법인(유)화양,"국내산찹살,향온곡",,,,legacy_483
488,풍정사계춘,2.0,1.0,1.0,3,15,0.0,약주/청주,바디감     약주/청주  선물,500ml,30000,농업회사법인(유)화양,"국내산찹살,향온곡",,,,legacy_484
489,풍정사계하,4.0,1.0,1.0,3,18,0.0,약주/청주,단맛   바디감     약주/청주,500ml,35000,농업회사법인(유)화양,"국내산찹살,향온곡",,,,legacy_485
490,하향주,3.0,3.0,1.0,4,17,0.0,약주/청주,단맛 신맛  바디감     약주/청주 쌀 찹쌀,750ml,45000,하향주가영농조합법인,"국내산찹쌀,누룩,정제수",,,,legacy_486
491,하향주증류주,,,,4,45,0.0,증류주,향기    바디감 목넘김    증류주 쌀 찹쌀,700ml,70000,하향주가영농조합법인,"국내산찹쌀,누룩,정제수",,,,legacy_487
492,한비동충하초술,,,,4,35,0.0,기타주류,향기    바디감     기타주류 쌀 오가피,375ml,30000,제천한약영농조합법인,"국내산쌀,누룩,가시오가피뿌리,동충하초,정제수",,,,legacy_488
493,한비무병장수술,,,,4,35,0.0,기타주류,향기    바디감     기타주류 쌀 오미자 복분자 구기자 삼 산수유 오가피  삼(蔘)류,375ml,30000,제천한약영농조합법인,"국내산쌀,흑삼,인삼,오가피,오미자,구기자,복분자,차전자,토사자,산수유",,,,legacy_489
494,한비쌀소주,,,,2,40,0.0,증류주,목넘김    증류주 쌀,375ml,30000,제천한약영농조합법인,"국내산쌀,누룩,정제수",,,,legacy_490
495,한비오가피술,,,,3,35,0.0,기타주류,바디감     기타주류 쌀 오가피,375ml,30000,제천한약영농조합법인,"국내산쌀,누룩,가시오가피뿌리,정제수",,,,legacy_491
496,한산소곡주,3.0,1.0,,4,18,0.0,약주/청주,단맛   바디감 목넘김    약주/청주 쌀 찹쌀 생강  선물,360ml,6500,한산소곡주,"찹쌀,누룩,백미,정제수,야국,메주콩,생강,홍고추",,,,legacy_492
497,한스오차드사과와인,4.0,3.0,2.0,2,11,0.0,과실주,단맛 신맛       과실주 사과  홈술,750ml,20000,(주)한국애플리즈,국산사과원액,,,,legacy_493
498,한시울,,,,4,40,0.0,증류주,향기    바디감 목넘김    증류주 쌀,500ml,18000,농업회사법인명세주가(주),"국내산쌀,누룩,효모,구연산,정제수",,,,legacy_494
499,한주,,,,3,35,0.0,증류주,향기    바디감 목넘김    증류주 쌀 밀,360ml,12000,한주양조,"국내산쌀,밀누룩,정제수",,,,legacy_495
500,해미읍성딸기와인,3.0,2.0,1.0,3,12,0.0,과실주,단맛   바디감     과실주,500ml,20000,농업회사법인해미읍성딸기와인(주),"해미딸기,아황산염,소르빈산염",,,,legacy_496
501,해미읍성매실와인,5.0,1.0,2.0,4,12,0.0,과실주,단맛   바디감     과실주,500ml,20000,농업회사법인해미읍성딸기와인(주),"매실,아황산염,소르빈산염",,,,legacy_497
502,해미읍성모과와인,3.0,2.0,2.0,3,12,0.0,과실주,단맛   바디감     과실주,500ml,20000,농업회사법인해미읍성딸기와인(주),"모과,아황산염,소르빈산염",,,,legacy_498
503,해미읍성살구와인,3.0,2.0,2.0,3,12,0.0,과실주,단맛   바디감     과실주,500ml,20000,농업회사법인해미읍성딸기와인(주),"살구,아황산염,소르빈산염",,,,legacy_499
504,해방주18.8,,,,2,18.8,0.0,증류주,증류주 쌀  저도수,375ml,12000,농업회사법인(주)영덕주조,"쌀,해방풍,조효소제,효모,젖산,정세효소제,구연산",,,,legacy_500
505,해방주38,,,,3,38,0.0,증류주,향기    바디감 목넘김    증류주 쌀,800ml,45000,농업회사법인(주)영덕주조,"쌀,해방풍,조효소제,효모,젖산,정제효소제,구연산",,,,legacy_501
506,해창12도생막걸리,1.0,1.0,2.0,2,12,0.0,탁주,탁주 쌀 찹쌀,900ml,10000,해창주조장,"햅쌀,찹쌀,물,누룩",,,,legacy_502
507,해창9도생막걸리,1.0,1.0,2.0,2,9,0.0,탁주,탁주 쌀 찹쌀  홈술,900ml,6000,해창주조장,"햅쌀,찹쌀,물,누룩",,,,legacy_503
508,해창찹쌀생막걸리,1.0,1.0,3.0,2,6,0.0,탁주,청량감      탁주 쌀 찹쌀,900ml,3000,해창주조장,"햅쌀,찹쌀,물,누룩",,,,legacy_504
509,해파랑,3.0,1.0,1.0,3,13,0.0,약주/청주,단맛   바디감     약주/청주 쌀,375ml,10000,농업회사법인(주)영덕주조,"쌀,해방풍,계량누룩,젖산,이소말토올리고당,정제수",,,,legacy_505
510,햇찹쌀이하늘수,3.0,3.0,3.0,3,6,0.0,탁주,단맛 신맛 청량감 바디감     탁주 쌀 찹쌀,500ml,1100,안양주조장,"쌀,찹쌀,전통누룩,정제수",,,,legacy_506
511,행운막걸리,3.0,1.0,1.0,4,6,0.0,탁주,단맛   바디감     탁주 쌀,750ml,1100,성포양조장,"쌀,소맥분,전분당,정제수,정제효소,종국,효모,젖산,아스파탐",,,,legacy_507
512,행운주,2.0,2.0,2.0,2,12,0.0,약주/청주,약주/청주 밀,750ml,9000,성포양조장,"백미,밀누룩,정제수,종국,효모,아스파탐",,,,legacy_508
513,향수우리밀막걸리,2.0,3.0,3.0,5,9,0.0,탁주,신맛 청량감 바디감     탁주 밀,700ml,7900,이원양조장,"우리밀,누룩,정제수,무감미료",,,,legacy_509
514,허니문와인,4.0,2.0,2.0,2,10,0.0,기타주류,단맛        기타주류 꿀  파티,375ml,35000,아이비영농조합법인,국내산벌꿀,,,,legacy_510
515,허니비와인,3.0,1.0,1.0,4,8,0.0,기타주류,단맛   바디감     기타주류 꿀  파티,500ml,35000,아이비영농조합법인,국내산벌꿀,,,,legacy_511
516,호담,2.0,,,2,20,0.0,기타주류,기타주류 삼  삼(蔘)류,300ml,18000,대농바이오우리산삼,"산양산삼,정제수,주정",,,,legacy_512
517,호담산양산삼막걸리,1.0,3.0,3.0,1,6,0.0,탁주,신맛 청량감      탁주 쌀 삼,750ml,1800,대농바이오우리산삼,"쌀,입국,산양산삼,정제수,아스파탐",,,,legacy_513
518,호담산양산삼주,1.0,1.0,1.0,3,13,0.0,약주/청주,바디감     약주/청주 삼,375ml,4000,대농바이오우리산삼,"산양산삼,정제주,주정",,,,legacy_514
519,호땅,3.0,1.0,2.0,4,6,0.0,기타주류,단맛   바디감     기타주류 쌀 땅콩,750ml,2700,배혜정도가,"쌀,국,효모,정제수,땅콩",,,,legacy_515
520,호랑이생막걸리,4.0,1.0,2.0,2,6,0.0,탁주,단맛        탁주 쌀,750ml,2200,배혜정도가,"쌀,정제수,국,효모,젖산등",,,,legacy_516
521,호모루덴스,1.0,2.0,2.0,4,12,0.0,탁주,바디감     탁주 쌀  드라이,500ml,12000,농업회사법인(주)산수,"쌀,누룩,정제수",,,,legacy_517
522,혼디주,4.0,3.0,3.0,2,12,0.0,과실주,단맛 신맛 청량감      과실주 귤  선물,330ml,8000,농업회사법인(주)시트러스,"감귤,정제수,백설탕,구연산,무수아황산",,,,legacy_518
523,홍로,,,,2,45,0.0,증류주,향기         증류주 쌀 찹쌀,500ml,50000,영농조합법인석전상온전통주가,"백련,찹쌀,멥쌀,누룩,자초",,,,legacy_519
524,홍삼명주,1.0,3.0,,1,14,0.0,기타주류,신맛   목넘김 담백   기타주류 삼  삼(蔘)류,375ml,12000,자연과인삼,"홍삼추출액,효모,정백당,정제수",,,,legacy_520
525,홍천강탁주,2.0,3.0,2.0,4,11,0.0,탁주,신맛  바디감     탁주 쌀,500ml,10000,예술,"홍천쌀,정제수,국",,,,legacy_521
526,화주,,,,1,25,0.0,증류주,목넘김    증류주 쌀 삼  삼(蔘)류,375ml,13000,내국양조,"국내산쌀,홍삼농축액,정제수",,,,legacy_522
527,황금보리소주17,,,,2,17,0.0,증류주,증류주 보리,375ml,5000,황금보리(유)농업회사법인,"보리,누룩,정제수",,,,legacy_523
528,황금보리소주25,,,,2,25,0.0,증류주,향기         증류주 보리,375ml,8500,황금보리(유)농업회사법인,"보리,누룩,정제수",,,,legacy_524
529,황금보리소주40,,,,3,40,0.0,증류주,향기    바디감 목넘김    증류주 보리,375ml,15700,황금보리(유)농업회사법인,"보리,누룩,정제수",,,,legacy_525
530,황진이,3.0,2.0,1.0,3,12,0.0,약주/청주,단맛   바디감     약주/청주 쌀 오미자 산수유,375ml,3500,농업회사법인(유)술소리,"쌀,오미자,산수유",,,,legacy_526
531,황칠주,,,,2,16,0.0,기타주류,목넘김    기타주류,365ml,9900,왕지케양조장(제주본초협동조합),"황칠나무잎,정제수,,효모",,,,legacy_527
532,회곡생동동주,3.0,2.0,3.0,3,7,0.0,탁주,단맛  청량감 바디감     탁주 쌀,"1,200ml",1300,회곡양조장,"쌀,입국,누룩,아스파탐,효모,정제수,아세설팜칼륨",,,,legacy_528
533,회곡생막걸리,2.0,2.0,2.0,4,6,0.0,탁주,바디감     탁주 쌀,750ml,1300,회곡양조장,"쌀,입국,누룩,아스파탐,효모,정제수,아세설팜칼륨",,,,legacy_529
534,흑돈주,,,,2,16,0.0,기타주류,목넘김    기타주류,365ml,12000,왕지케양조장(제주본초협동조합),"황칠나무,정제수,,효모",,,,legacy_530
535,희양산막걸리15,3.0,4.0,1.0,5,15,0.0,탁주,단맛 신맛  바디감     탁주 쌀  무감미료,500ml,9500,두술도가,"쌀,누룩,정제수",,,,legacy_531
536,희양산막걸리9,2.0,3.0,2.0,3,9,0.0,탁주,신맛  바디감  담백   탁주 쌀  무감미료,750ml,8000,두술도가,"쌀,누룩,정제수",,,,legacy_532
